Make,Total_passangers,Total_Injured,no_of accidents,Total_Fatal_Injuries,Year,accident_count
AERO COMMANDER,951.0,427.0,429,246.0,1982,17
AERO COMMANDER,951.0,427.0,429,246.0,1983,26
AERO COMMANDER,951.0,427.0,429,246.0,1984,19
AERO COMMANDER,951.0,427.0,429,246.0,1985,14
AERO COMMANDER,951.0,427.0,429,246.0,1986,25
AERO COMMANDER,951.0,427.0,429,246.0,1987,20
AERO COMMANDER,951.0,427.0,429,246.0,1988,13
AERO COMMANDER,951.0,427.0,429,246.0,1989,10
AERO COMMANDER,951.0,427.0,429,246.0,1990,10
AERO COMMANDER,951.0,427.0,429,246.0,1991,12
AERO COMMANDER,951.0,427.0,429,246.0,1992,10
AERO COMMANDER,951.0,427.0,429,246.0,1993,18
AERO COMMANDER,951.0,427.0,429,246.0,1994,15
AERO COMMANDER,951.0,427.0,429,246.0,1995,20
AERO COMMANDER,951.0,427.0,429,246.0,1996,13
AERO COMMANDER,951.0,427.0,429,246.0,1997,11
AERO COMMANDER,951.0,427.0,429,246.0,1998,16
AERO COMMANDER,951.0,427.0,429,246.0,1999,11
AERO COMMANDER,951.0,427.0,429,246.0,2000,8
AERO COMMANDER,951.0,427.0,429,246.0,2001,12
AERO COMMANDER,951.0,427.0,429,246.0,2002,12
AERO COMMANDER,951.0,427.0,429,246.0,2003,13
AERO COMMANDER,951.0,427.0,429,246.0,2004,10
AERO COMMANDER,951.0,427.0,429,246.0,2005,7
AERO COMMANDER,951.0,427.0,429,246.0,2006,5
AERO COMMANDER,951.0,427.0,429,246.0,2007,5
AERO COMMANDER,951.0,427.0,429,246.0,2008,8
AERO COMMANDER,951.0,427.0,429,246.0,2009,6
AERO COMMANDER,951.0,427.0,429,246.0,2010,11
AERO COMMANDER,951.0,427.0,429,246.0,2011,6
AERO COMMANDER,951.0,427.0,429,246.0,2012,3
AERO COMMANDER,951.0,427.0,429,246.0,2013,4
AERO COMMANDER,951.0,427.0,429,246.0,2014,5
AERO COMMANDER,951.0,427.0,429,246.0,2015,3
AERO COMMANDER,951.0,427.0,429,246.0,2016,5
AERO COMMANDER,951.0,427.0,429,246.0,2017,4
AERO COMMANDER,951.0,427.0,429,246.0,2018,8
AERO COMMANDER,951.0,427.0,429,246.0,2019,3
AERO COMMANDER,951.0,427.0,429,246.0,2020,4
AERO COMMANDER,951.0,427.0,429,246.0,2021,3
AERO COMMANDER,951.0,427.0,429,246.0,2022,4
AERONCA,1048.0,442.0,636,118.0,1982,29
AERONCA,1048.0,442.0,636,118.0,1983,27
AERONCA,1048.0,442.0,636,118.0,1984,28
AERONCA,1048.0,442.0,636,118.0,1985,16
AERONCA,1048.0,442.0,636,118.0,1986,22
AERONCA,1048.0,442.0,636,118.0,1987,25
AERONCA,1048.0,442.0,636,118.0,1988,29
AERONCA,1048.0,442.0,636,118.0,1989,26
AERONCA,1048.0,442.0,636,118.0,1990,14
AERONCA,1048.0,442.0,636,118.0,1991,29
AERONCA,1048.0,442.0,636,118.0,1992,13
AERONCA,1048.0,442.0,636,118.0,1993,14
AERONCA,1048.0,442.0,636,118.0,1994,21
AERONCA,1048.0,442.0,636,118.0,1995,17
AERONCA,1048.0,442.0,636,118.0,1996,20
AERONCA,1048.0,442.0,636,118.0,1997,7
AERONCA,1048.0,442.0,636,118.0,1998,16
AERONCA,1048.0,442.0,636,118.0,1999,11
AERONCA,1048.0,442.0,636,118.0,2000,21
AERONCA,1048.0,442.0,636,118.0,2001,12
AERONCA,1048.0,442.0,636,118.0,2002,10
AERONCA,1048.0,442.0,636,118.0,2003,11
AERONCA,1048.0,442.0,636,118.0,2004,12
AERONCA,1048.0,442.0,636,118.0,2005,17
AERONCA,1048.0,442.0,636,118.0,2006,5
AERONCA,1048.0,442.0,636,118.0,2007,16
AERONCA,1048.0,442.0,636,118.0,2008,7
AERONCA,1048.0,442.0,636,118.0,2009,15
AERONCA,1048.0,442.0,636,118.0,2010,14
AERONCA,1048.0,442.0,636,118.0,2011,12
AERONCA,1048.0,442.0,636,118.0,2012,11
AERONCA,1048.0,442.0,636,118.0,2013,10
AERONCA,1048.0,442.0,636,118.0,2014,12
AERONCA,1048.0,442.0,636,118.0,2015,10
AERONCA,1048.0,442.0,636,118.0,2016,15
AERONCA,1048.0,442.0,636,118.0,2017,10
AERONCA,1048.0,442.0,636,118.0,2018,10
AERONCA,1048.0,442.0,636,118.0,2019,8
AERONCA,1048.0,442.0,636,118.0,2020,6
AERONCA,1048.0,442.0,636,118.0,2021,11
AERONCA,1048.0,442.0,636,118.0,2022,17
AEROSPATIALE,3319.0,708.0,388,349.0,1982,26
AEROSPATIALE,3319.0,708.0,388,349.0,1983,17
AEROSPATIALE,3319.0,708.0,388,349.0,1984,24
AEROSPATIALE,3319.0,708.0,388,349.0,1985,14
AEROSPATIALE,3319.0,708.0,388,349.0,1986,13
AEROSPATIALE,3319.0,708.0,388,349.0,1987,6
AEROSPATIALE,3319.0,708.0,388,349.0,1988,21
AEROSPATIALE,3319.0,708.0,388,349.0,1989,18
AEROSPATIALE,3319.0,708.0,388,349.0,1990,18
AEROSPATIALE,3319.0,708.0,388,349.0,1991,12
AEROSPATIALE,3319.0,708.0,388,349.0,1992,8
AEROSPATIALE,3319.0,708.0,388,349.0,1993,15
AEROSPATIALE,3319.0,708.0,388,349.0,1994,18
AEROSPATIALE,3319.0,708.0,388,349.0,1995,9
AEROSPATIALE,3319.0,708.0,388,349.0,1996,5
AEROSPATIALE,3319.0,708.0,388,349.0,1997,13
AEROSPATIALE,3319.0,708.0,388,349.0,1998,16
AEROSPATIALE,3319.0,708.0,388,349.0,1999,8
AEROSPATIALE,3319.0,708.0,388,349.0,2000,17
AEROSPATIALE,3319.0,708.0,388,349.0,2001,9
AEROSPATIALE,3319.0,708.0,388,349.0,2002,9
AEROSPATIALE,3319.0,708.0,388,349.0,2003,16
AEROSPATIALE,3319.0,708.0,388,349.0,2004,1
AEROSPATIALE,3319.0,708.0,388,349.0,2005,11
AEROSPATIALE,3319.0,708.0,388,349.0,2006,4
AEROSPATIALE,3319.0,708.0,388,349.0,2007,5
AEROSPATIALE,3319.0,708.0,388,349.0,2008,3
AEROSPATIALE,3319.0,708.0,388,349.0,2009,6
AEROSPATIALE,3319.0,708.0,388,349.0,2010,4
AEROSPATIALE,3319.0,708.0,388,349.0,2011,5
AEROSPATIALE,3319.0,708.0,388,349.0,2012,8
AEROSPATIALE,3319.0,708.0,388,349.0,2014,6
AEROSPATIALE,3319.0,708.0,388,349.0,2016,1
AEROSPATIALE,3319.0,708.0,388,349.0,2017,2
AEROSPATIALE,3319.0,708.0,388,349.0,2018,4
AEROSPATIALE,3319.0,708.0,388,349.0,2019,7
AEROSPATIALE,3319.0,708.0,388,349.0,2020,7
AEROSPATIALE,3319.0,708.0,388,349.0,2021,1
AEROSPATIALE,3319.0,708.0,388,349.0,2022,1
AIR TRACTOR,1007.0,402.0,908,161.0,1982,18
AIR TRACTOR,1007.0,402.0,908,161.0,1983,9
AIR TRACTOR,1007.0,402.0,908,161.0,1984,9
AIR TRACTOR,1007.0,402.0,908,161.0,1985,10
AIR TRACTOR,1007.0,402.0,908,161.0,1986,11
AIR TRACTOR,1007.0,402.0,908,161.0,1987,18
AIR TRACTOR,1007.0,402.0,908,161.0,1988,10
AIR TRACTOR,1007.0,402.0,908,161.0,1989,19
AIR TRACTOR,1007.0,402.0,908,161.0,1990,14
AIR TRACTOR,1007.0,402.0,908,161.0,1991,12
AIR TRACTOR,1007.0,402.0,908,161.0,1992,19
AIR TRACTOR,1007.0,402.0,908,161.0,1993,13
AIR TRACTOR,1007.0,402.0,908,161.0,1994,22
AIR TRACTOR,1007.0,402.0,908,161.0,1995,30
AIR TRACTOR,1007.0,402.0,908,161.0,1996,21
AIR TRACTOR,1007.0,402.0,908,161.0,1997,22
AIR TRACTOR,1007.0,402.0,908,161.0,1998,39
AIR TRACTOR,1007.0,402.0,908,161.0,1999,31
AIR TRACTOR,1007.0,402.0,908,161.0,2000,27
AIR TRACTOR,1007.0,402.0,908,161.0,2001,25
AIR TRACTOR,1007.0,402.0,908,161.0,2002,25
AIR TRACTOR,1007.0,402.0,908,161.0,2003,27
AIR TRACTOR,1007.0,402.0,908,161.0,2004,24
AIR TRACTOR,1007.0,402.0,908,161.0,2005,19
AIR TRACTOR,1007.0,402.0,908,161.0,2006,17
AIR TRACTOR,1007.0,402.0,908,161.0,2007,30
AIR TRACTOR,1007.0,402.0,908,161.0,2008,26
AIR TRACTOR,1007.0,402.0,908,161.0,2009,24
AIR TRACTOR,1007.0,402.0,908,161.0,2010,23
AIR TRACTOR,1007.0,402.0,908,161.0,2011,27
AIR TRACTOR,1007.0,402.0,908,161.0,2012,22
AIR TRACTOR,1007.0,402.0,908,161.0,2013,27
AIR TRACTOR,1007.0,402.0,908,161.0,2014,27
AIR TRACTOR,1007.0,402.0,908,161.0,2015,21
AIR TRACTOR,1007.0,402.0,908,161.0,2016,29
AIR TRACTOR,1007.0,402.0,908,161.0,2017,27
AIR TRACTOR,1007.0,402.0,908,161.0,2018,24
AIR TRACTOR,1007.0,402.0,908,161.0,2019,24
AIR TRACTOR,1007.0,402.0,908,161.0,2020,29
AIR TRACTOR,1007.0,402.0,908,161.0,2021,27
AIR TRACTOR,1007.0,402.0,908,161.0,2022,30
AIRBUS,46043.0,3378.0,476,2521.0,1983,1
AIRBUS,46043.0,3378.0,476,2521.0,1985,2
AIRBUS,46043.0,3378.0,476,2521.0,1986,1
AIRBUS,46043.0,3378.0,476,2521.0,1987,4
AIRBUS,46043.0,3378.0,476,2521.0,1988,4
AIRBUS,46043.0,3378.0,476,2521.0,1989,3
AIRBUS,46043.0,3378.0,476,2521.0,1990,2
AIRBUS,46043.0,3378.0,476,2521.0,1991,5
AIRBUS,46043.0,3378.0,476,2521.0,1992,1
AIRBUS,46043.0,3378.0,476,2521.0,1993,2
AIRBUS,46043.0,3378.0,476,2521.0,1994,1
AIRBUS,46043.0,3378.0,476,2521.0,1995,4
AIRBUS,46043.0,3378.0,476,2521.0,1996,7
AIRBUS,46043.0,3378.0,476,2521.0,1997,8
AIRBUS,46043.0,3378.0,476,2521.0,1998,11
AIRBUS,46043.0,3378.0,476,2521.0,1999,8
AIRBUS,46043.0,3378.0,476,2521.0,2000,7
AIRBUS,46043.0,3378.0,476,2521.0,2001,12
AIRBUS,46043.0,3378.0,476,2521.0,2002,8
AIRBUS,46043.0,3378.0,476,2521.0,2003,10
AIRBUS,46043.0,3378.0,476,2521.0,2004,8
AIRBUS,46043.0,3378.0,476,2521.0,2005,14
AIRBUS,46043.0,3378.0,476,2521.0,2006,14
AIRBUS,46043.0,3378.0,476,2521.0,2007,17
AIRBUS,46043.0,3378.0,476,2521.0,2008,11
AIRBUS,46043.0,3378.0,476,2521.0,2009,14
AIRBUS,46043.0,3378.0,476,2521.0,2010,18
AIRBUS,46043.0,3378.0,476,2521.0,2011,14
AIRBUS,46043.0,3378.0,476,2521.0,2012,15
AIRBUS,46043.0,3378.0,476,2521.0,2013,11
AIRBUS,46043.0,3378.0,476,2521.0,2014,19
AIRBUS,46043.0,3378.0,476,2521.0,2015,29
AIRBUS,46043.0,3378.0,476,2521.0,2016,27
AIRBUS,46043.0,3378.0,476,2521.0,2017,26
AIRBUS,46043.0,3378.0,476,2521.0,2018,28
AIRBUS,46043.0,3378.0,476,2521.0,2019,40
AIRBUS,46043.0,3378.0,476,2521.0,2020,21
AIRBUS,46043.0,3378.0,476,2521.0,2021,20
AIRBUS,46043.0,3378.0,476,2521.0,2022,29
ATR,864.0,250.0,35,185.0,1986,1
ATR,864.0,250.0,35,185.0,1990,1
ATR,864.0,250.0,35,185.0,1991,1
ATR,864.0,250.0,35,185.0,1993,2
ATR,864.0,250.0,35,185.0,1994,1
ATR,864.0,250.0,35,185.0,1995,4
ATR,864.0,250.0,35,185.0,1996,2
ATR,864.0,250.0,35,185.0,2002,1
ATR,864.0,250.0,35,185.0,2004,1
ATR,864.0,250.0,35,185.0,2005,1
ATR,864.0,250.0,35,185.0,2009,1
ATR,864.0,250.0,35,185.0,2010,2
ATR,864.0,250.0,35,185.0,2012,2
ATR,864.0,250.0,35,185.0,2013,1
ATR,864.0,250.0,35,185.0,2014,2
ATR,864.0,250.0,35,185.0,2015,2
ATR,864.0,250.0,35,185.0,2016,2
ATR,864.0,250.0,35,185.0,2017,2
ATR,864.0,250.0,35,185.0,2019,1
ATR,864.0,250.0,35,185.0,2020,3
ATR,864.0,250.0,35,185.0,2022,2
BALLOON WORKS,530.0,217.0,147,14.0,1982,8
BALLOON WORKS,530.0,217.0,147,14.0,1983,13
BALLOON WORKS,530.0,217.0,147,14.0,1984,12
BALLOON WORKS,530.0,217.0,147,14.0,1985,11
BALLOON WORKS,530.0,217.0,147,14.0,1986,8
BALLOON WORKS,530.0,217.0,147,14.0,1987,12
BALLOON WORKS,530.0,217.0,147,14.0,1988,7
BALLOON WORKS,530.0,217.0,147,14.0,1989,7
BALLOON WORKS,530.0,217.0,147,14.0,1990,7
BALLOON WORKS,530.0,217.0,147,14.0,1991,3
BALLOON WORKS,530.0,217.0,147,14.0,1993,7
BALLOON WORKS,530.0,217.0,147,14.0,1994,5
BALLOON WORKS,530.0,217.0,147,14.0,1995,4
BALLOON WORKS,530.0,217.0,147,14.0,1996,4
BALLOON WORKS,530.0,217.0,147,14.0,1997,5
BALLOON WORKS,530.0,217.0,147,14.0,1998,7
BALLOON WORKS,530.0,217.0,147,14.0,1999,4
BALLOON WORKS,530.0,217.0,147,14.0,2000,3
BALLOON WORKS,530.0,217.0,147,14.0,2001,2
BALLOON WORKS,530.0,217.0,147,14.0,2002,2
BALLOON WORKS,530.0,217.0,147,14.0,2004,3
BALLOON WORKS,530.0,217.0,147,14.0,2007,2
BALLOON WORKS,530.0,217.0,147,14.0,2008,2
BALLOON WORKS,530.0,217.0,147,14.0,2011,1
BALLOON WORKS,530.0,217.0,147,14.0,2012,1
BALLOON WORKS,530.0,217.0,147,14.0,2013,1
BALLOON WORKS,530.0,217.0,147,14.0,2015,1
BALLOON WORKS,530.0,217.0,147,14.0,2016,2
BALLOON WORKS,530.0,217.0,147,14.0,2017,2
BALLOON WORKS,530.0,217.0,147,14.0,2018,1
BEECH,14557.0,6221.0,5376,3786.0,1982,263
BEECH,14557.0,6221.0,5376,3786.0,1983,246
BEECH,14557.0,6221.0,5376,3786.0,1984,225
BEECH,14557.0,6221.0,5376,3786.0,1985,206
BEECH,14557.0,6221.0,5376,3786.0,1986,161
BEECH,14557.0,6221.0,5376,3786.0,1987,198
BEECH,14557.0,6221.0,5376,3786.0,1988,164
BEECH,14557.0,6221.0,5376,3786.0,1989,190
BEECH,14557.0,6221.0,5376,3786.0,1990,139
BEECH,14557.0,6221.0,5376,3786.0,1991,173
BEECH,14557.0,6221.0,5376,3786.0,1992,153
BEECH,14557.0,6221.0,5376,3786.0,1993,158
BEECH,14557.0,6221.0,5376,3786.0,1994,118
BEECH,14557.0,6221.0,5376,3786.0,1995,160
BEECH,14557.0,6221.0,5376,3786.0,1996,138
BEECH,14557.0,6221.0,5376,3786.0,1997,160
BEECH,14557.0,6221.0,5376,3786.0,1998,112
BEECH,14557.0,6221.0,5376,3786.0,1999,154
BEECH,14557.0,6221.0,5376,3786.0,2000,146
BEECH,14557.0,6221.0,5376,3786.0,2001,126
BEECH,14557.0,6221.0,5376,3786.0,2002,129
BEECH,14557.0,6221.0,5376,3786.0,2003,145
BEECH,14557.0,6221.0,5376,3786.0,2004,112
BEECH,14557.0,6221.0,5376,3786.0,2005,113
BEECH,14557.0,6221.0,5376,3786.0,2006,104
BEECH,14557.0,6221.0,5376,3786.0,2007,110
BEECH,14557.0,6221.0,5376,3786.0,2008,101
BEECH,14557.0,6221.0,5376,3786.0,2009,90
BEECH,14557.0,6221.0,5376,3786.0,2010,100
BEECH,14557.0,6221.0,5376,3786.0,2011,94
BEECH,14557.0,6221.0,5376,3786.0,2012,98
BEECH,14557.0,6221.0,5376,3786.0,2013,86
BEECH,14557.0,6221.0,5376,3786.0,2014,57
BEECH,14557.0,6221.0,5376,3786.0,2015,84
BEECH,14557.0,6221.0,5376,3786.0,2016,86
BEECH,14557.0,6221.0,5376,3786.0,2017,70
BEECH,14557.0,6221.0,5376,3786.0,2018,90
BEECH,14557.0,6221.0,5376,3786.0,2019,96
BEECH,14557.0,6221.0,5376,3786.0,2020,70
BEECH,14557.0,6221.0,5376,3786.0,2021,84
BEECH,14557.0,6221.0,5376,3786.0,2022,67
BELL,6730.0,3378.0,2766,1355.0,1982,112
BELL,6730.0,3378.0,2766,1355.0,1983,108
BELL,6730.0,3378.0,2766,1355.0,1984,119
BELL,6730.0,3378.0,2766,1355.0,1985,104
BELL,6730.0,3378.0,2766,1355.0,1986,88
BELL,6730.0,3378.0,2766,1355.0,1987,84
BELL,6730.0,3378.0,2766,1355.0,1988,72
BELL,6730.0,3378.0,2766,1355.0,1989,83
BELL,6730.0,3378.0,2766,1355.0,1990,88
BELL,6730.0,3378.0,2766,1355.0,1991,75
BELL,6730.0,3378.0,2766,1355.0,1992,66
BELL,6730.0,3378.0,2766,1355.0,1993,66
BELL,6730.0,3378.0,2766,1355.0,1994,82
BELL,6730.0,3378.0,2766,1355.0,1995,65
BELL,6730.0,3378.0,2766,1355.0,1996,77
BELL,6730.0,3378.0,2766,1355.0,1997,70
BELL,6730.0,3378.0,2766,1355.0,1998,76
BELL,6730.0,3378.0,2766,1355.0,1999,71
BELL,6730.0,3378.0,2766,1355.0,2000,82
BELL,6730.0,3378.0,2766,1355.0,2001,69
BELL,6730.0,3378.0,2766,1355.0,2002,69
BELL,6730.0,3378.0,2766,1355.0,2003,73
BELL,6730.0,3378.0,2766,1355.0,2004,64
BELL,6730.0,3378.0,2766,1355.0,2005,67
BELL,6730.0,3378.0,2766,1355.0,2006,55
BELL,6730.0,3378.0,2766,1355.0,2007,58
BELL,6730.0,3378.0,2766,1355.0,2008,49
BELL,6730.0,3378.0,2766,1355.0,2009,41
BELL,6730.0,3378.0,2766,1355.0,2010,53
BELL,6730.0,3378.0,2766,1355.0,2011,56
BELL,6730.0,3378.0,2766,1355.0,2012,51
BELL,6730.0,3378.0,2766,1355.0,2013,60
BELL,6730.0,3378.0,2766,1355.0,2014,41
BELL,6730.0,3378.0,2766,1355.0,2015,58
BELL,6730.0,3378.0,2766,1355.0,2016,52
BELL,6730.0,3378.0,2766,1355.0,2017,38
BELL,6730.0,3378.0,2766,1355.0,2018,40
BELL,6730.0,3378.0,2766,1355.0,2019,46
BELL,6730.0,3378.0,2766,1355.0,2020,32
BELL,6730.0,3378.0,2766,1355.0,2021,48
BELL,6730.0,3378.0,2766,1355.0,2022,58
BELLANCA,1767.0,780.0,1045,345.0,1982,62
BELLANCA,1767.0,780.0,1045,345.0,1983,58
BELLANCA,1767.0,780.0,1045,345.0,1984,65
BELLANCA,1767.0,780.0,1045,345.0,1985,53
BELLANCA,1767.0,780.0,1045,345.0,1986,51
BELLANCA,1767.0,780.0,1045,345.0,1987,36
BELLANCA,1767.0,780.0,1045,345.0,1988,48
BELLANCA,1767.0,780.0,1045,345.0,1989,33
BELLANCA,1767.0,780.0,1045,345.0,1990,29
BELLANCA,1767.0,780.0,1045,345.0,1991,30
BELLANCA,1767.0,780.0,1045,345.0,1992,33
BELLANCA,1767.0,780.0,1045,345.0,1993,37
BELLANCA,1767.0,780.0,1045,345.0,1994,29
BELLANCA,1767.0,780.0,1045,345.0,1995,35
BELLANCA,1767.0,780.0,1045,345.0,1996,34
BELLANCA,1767.0,780.0,1045,345.0,1997,30
BELLANCA,1767.0,780.0,1045,345.0,1998,19
BELLANCA,1767.0,780.0,1045,345.0,1999,25
BELLANCA,1767.0,780.0,1045,345.0,2000,25
BELLANCA,1767.0,780.0,1045,345.0,2001,26
BELLANCA,1767.0,780.0,1045,345.0,2002,22
BELLANCA,1767.0,780.0,1045,345.0,2003,16
BELLANCA,1767.0,780.0,1045,345.0,2004,20
BELLANCA,1767.0,780.0,1045,345.0,2005,26
BELLANCA,1767.0,780.0,1045,345.0,2006,15
BELLANCA,1767.0,780.0,1045,345.0,2007,13
BELLANCA,1767.0,780.0,1045,345.0,2008,16
BELLANCA,1767.0,780.0,1045,345.0,2009,9
BELLANCA,1767.0,780.0,1045,345.0,2010,6
BELLANCA,1767.0,780.0,1045,345.0,2011,15
BELLANCA,1767.0,780.0,1045,345.0,2012,19
BELLANCA,1767.0,780.0,1045,345.0,2013,14
BELLANCA,1767.0,780.0,1045,345.0,2014,15
BELLANCA,1767.0,780.0,1045,345.0,2015,9
BELLANCA,1767.0,780.0,1045,345.0,2016,18
BELLANCA,1767.0,780.0,1045,345.0,2017,16
BELLANCA,1767.0,780.0,1045,345.0,2018,7
BELLANCA,1767.0,780.0,1045,345.0,2019,5
BELLANCA,1767.0,780.0,1045,345.0,2020,11
BELLANCA,1767.0,780.0,1045,345.0,2021,7
BELLANCA,1767.0,780.0,1045,345.0,2022,8
BOEING,222550.0,13686.0,2746,8748.0,1982,49
BOEING,222550.0,13686.0,2746,8748.0,1983,59
BOEING,222550.0,13686.0,2746,8748.0,1984,48
BOEING,222550.0,13686.0,2746,8748.0,1985,42
BOEING,222550.0,13686.0,2746,8748.0,1986,61
BOEING,222550.0,13686.0,2746,8748.0,1987,77
BOEING,222550.0,13686.0,2746,8748.0,1988,66
BOEING,222550.0,13686.0,2746,8748.0,1989,58
BOEING,222550.0,13686.0,2746,8748.0,1990,48
BOEING,222550.0,13686.0,2746,8748.0,1991,52
BOEING,222550.0,13686.0,2746,8748.0,1992,45
BOEING,222550.0,13686.0,2746,8748.0,1993,51
BOEING,222550.0,13686.0,2746,8748.0,1994,36
BOEING,222550.0,13686.0,2746,8748.0,1995,60
BOEING,222550.0,13686.0,2746,8748.0,1996,50
BOEING,222550.0,13686.0,2746,8748.0,1997,59
BOEING,222550.0,13686.0,2746,8748.0,1998,81
BOEING,222550.0,13686.0,2746,8748.0,1999,62
BOEING,222550.0,13686.0,2746,8748.0,2000,63
BOEING,222550.0,13686.0,2746,8748.0,2001,62
BOEING,222550.0,13686.0,2746,8748.0,2002,54
BOEING,222550.0,13686.0,2746,8748.0,2003,51
BOEING,222550.0,13686.0,2746,8748.0,2004,49
BOEING,222550.0,13686.0,2746,8748.0,2005,68
BOEING,222550.0,13686.0,2746,8748.0,2006,76
BOEING,222550.0,13686.0,2746,8748.0,2007,60
BOEING,222550.0,13686.0,2746,8748.0,2008,72
BOEING,222550.0,13686.0,2746,8748.0,2009,66
BOEING,222550.0,13686.0,2746,8748.0,2010,90
BOEING,222550.0,13686.0,2746,8748.0,2011,93
BOEING,222550.0,13686.0,2746,8748.0,2012,88
BOEING,222550.0,13686.0,2746,8748.0,2013,76
BOEING,222550.0,13686.0,2746,8748.0,2014,63
BOEING,222550.0,13686.0,2746,8748.0,2015,71
BOEING,222550.0,13686.0,2746,8748.0,2016,100
BOEING,222550.0,13686.0,2746,8748.0,2017,104
BOEING,222550.0,13686.0,2746,8748.0,2018,107
BOEING,222550.0,13686.0,2746,8748.0,2019,86
BOEING,222550.0,13686.0,2746,8748.0,2020,58
BOEING,222550.0,13686.0,2746,8748.0,2021,88
BOEING,222550.0,13686.0,2746,8748.0,2022,97
BOMBARDIER,5030.0,217.0,145,134.0,1998,1
BOMBARDIER,5030.0,217.0,145,134.0,2000,3
BOMBARDIER,5030.0,217.0,145,134.0,2001,2
BOMBARDIER,5030.0,217.0,145,134.0,2002,4
BOMBARDIER,5030.0,217.0,145,134.0,2003,5
BOMBARDIER,5030.0,217.0,145,134.0,2004,5
BOMBARDIER,5030.0,217.0,145,134.0,2005,2
BOMBARDIER,5030.0,217.0,145,134.0,2007,3
BOMBARDIER,5030.0,217.0,145,134.0,2008,6
BOMBARDIER,5030.0,217.0,145,134.0,2009,12
BOMBARDIER,5030.0,217.0,145,134.0,2010,14
BOMBARDIER,5030.0,217.0,145,134.0,2011,13
BOMBARDIER,5030.0,217.0,145,134.0,2012,8
BOMBARDIER,5030.0,217.0,145,134.0,2013,8
BOMBARDIER,5030.0,217.0,145,134.0,2014,3
BOMBARDIER,5030.0,217.0,145,134.0,2015,7
BOMBARDIER,5030.0,217.0,145,134.0,2016,11
BOMBARDIER,5030.0,217.0,145,134.0,2017,9
BOMBARDIER,5030.0,217.0,145,134.0,2018,3
BOMBARDIER,5030.0,217.0,145,134.0,2019,4
BOMBARDIER,5030.0,217.0,145,134.0,2020,7
BOMBARDIER,5030.0,217.0,145,134.0,2021,5
BOMBARDIER,5030.0,217.0,145,134.0,2022,10
"BOMBARDIER, INC.",1270.0,58.0,23,49.0,2005,5
"BOMBARDIER, INC.",1270.0,58.0,23,49.0,2006,6
"BOMBARDIER, INC.",1270.0,58.0,23,49.0,2007,7
"BOMBARDIER, INC.",1270.0,58.0,23,49.0,2008,5
BRITISH AEROSPACE,2345.0,337.0,90,244.0,1984,2
BRITISH AEROSPACE,2345.0,337.0,90,244.0,1985,2
BRITISH AEROSPACE,2345.0,337.0,90,244.0,1986,2
BRITISH AEROSPACE,2345.0,337.0,90,244.0,1987,7
BRITISH AEROSPACE,2345.0,337.0,90,244.0,1988,4
BRITISH AEROSPACE,2345.0,337.0,90,244.0,1989,6
BRITISH AEROSPACE,2345.0,337.0,90,244.0,1990,3
BRITISH AEROSPACE,2345.0,337.0,90,244.0,1991,9
BRITISH AEROSPACE,2345.0,337.0,90,244.0,1992,3
BRITISH AEROSPACE,2345.0,337.0,90,244.0,1993,6
BRITISH AEROSPACE,2345.0,337.0,90,244.0,1994,5
BRITISH AEROSPACE,2345.0,337.0,90,244.0,1995,3
BRITISH AEROSPACE,2345.0,337.0,90,244.0,1996,4
BRITISH AEROSPACE,2345.0,337.0,90,244.0,1997,3
BRITISH AEROSPACE,2345.0,337.0,90,244.0,1998,1
BRITISH AEROSPACE,2345.0,337.0,90,244.0,1999,5
BRITISH AEROSPACE,2345.0,337.0,90,244.0,2000,6
BRITISH AEROSPACE,2345.0,337.0,90,244.0,2001,2
BRITISH AEROSPACE,2345.0,337.0,90,244.0,2003,2
BRITISH AEROSPACE,2345.0,337.0,90,244.0,2004,3
BRITISH AEROSPACE,2345.0,337.0,90,244.0,2005,4
BRITISH AEROSPACE,2345.0,337.0,90,244.0,2006,2
BRITISH AEROSPACE,2345.0,337.0,90,244.0,2008,1
BRITISH AEROSPACE,2345.0,337.0,90,244.0,2012,1
BRITISH AEROSPACE,2345.0,337.0,90,244.0,2014,1
BRITISH AEROSPACE,2345.0,337.0,90,244.0,2015,1
BRITISH AEROSPACE,2345.0,337.0,90,244.0,2017,2
CANADAIR,1150.0,117.0,68,53.0,1982,1
CANADAIR,1150.0,117.0,68,53.0,1983,1
CANADAIR,1150.0,117.0,68,53.0,1984,4
CANADAIR,1150.0,117.0,68,53.0,1987,2
CANADAIR,1150.0,117.0,68,53.0,1988,1
CANADAIR,1150.0,117.0,68,53.0,1989,1
CANADAIR,1150.0,117.0,68,53.0,1990,1
CANADAIR,1150.0,117.0,68,53.0,1993,4
CANADAIR,1150.0,117.0,68,53.0,1994,4
CANADAIR,1150.0,117.0,68,53.0,1996,2
CANADAIR,1150.0,117.0,68,53.0,1997,2
CANADAIR,1150.0,117.0,68,53.0,1998,1
CANADAIR,1150.0,117.0,68,53.0,1999,2
CANADAIR,1150.0,117.0,68,53.0,2000,4
CANADAIR,1150.0,117.0,68,53.0,2001,1
CANADAIR,1150.0,117.0,68,53.0,2002,6
CANADAIR,1150.0,117.0,68,53.0,2003,7
CANADAIR,1150.0,117.0,68,53.0,2004,5
CANADAIR,1150.0,117.0,68,53.0,2005,5
CANADAIR,1150.0,117.0,68,53.0,2006,3
CANADAIR,1150.0,117.0,68,53.0,2007,2
CANADAIR,1150.0,117.0,68,53.0,2015,1
CANADAIR,1150.0,117.0,68,53.0,2017,1
CANADAIR,1150.0,117.0,68,53.0,2018,1
CANADAIR,1150.0,117.0,68,53.0,2019,4
CANADAIR,1150.0,117.0,68,53.0,2020,1
CANADAIR,1150.0,117.0,68,53.0,2021,1
CESSNA,57273.0,21407.0,27145,9638.0,1974,1
CESSNA,57273.0,21407.0,27145,9638.0,1979,1
CESSNA,57273.0,21407.0,27145,9638.0,1981,1
CESSNA,57273.0,21407.0,27145,9638.0,1982,1332
CESSNA,57273.0,21407.0,27145,9638.0,1983,1254
CESSNA,57273.0,21407.0,27145,9638.0,1984,1229
CESSNA,57273.0,21407.0,27145,9638.0,1985,1163
CESSNA,57273.0,21407.0,27145,9638.0,1986,1032
CESSNA,57273.0,21407.0,27145,9638.0,1987,1013
CESSNA,57273.0,21407.0,27145,9638.0,1988,984
CESSNA,57273.0,21407.0,27145,9638.0,1989,898
CESSNA,57273.0,21407.0,27145,9638.0,1990,908
CESSNA,57273.0,21407.0,27145,9638.0,1991,866
CESSNA,57273.0,21407.0,27145,9638.0,1992,805
CESSNA,57273.0,21407.0,27145,9638.0,1993,791
CESSNA,57273.0,21407.0,27145,9638.0,1994,711
CESSNA,57273.0,21407.0,27145,9638.0,1995,769
CESSNA,57273.0,21407.0,27145,9638.0,1996,714
CESSNA,57273.0,21407.0,27145,9638.0,1997,673
CESSNA,57273.0,21407.0,27145,9638.0,1998,705
CESSNA,57273.0,21407.0,27145,9638.0,1999,711
CESSNA,57273.0,21407.0,27145,9638.0,2000,638
CESSNA,57273.0,21407.0,27145,9638.0,2001,624
CESSNA,57273.0,21407.0,27145,9638.0,2002,602
CESSNA,57273.0,21407.0,27145,9638.0,2003,632
CESSNA,57273.0,21407.0,27145,9638.0,2004,553
CESSNA,57273.0,21407.0,27145,9638.0,2005,570
CESSNA,57273.0,21407.0,27145,9638.0,2006,505
CESSNA,57273.0,21407.0,27145,9638.0,2007,528
CESSNA,57273.0,21407.0,27145,9638.0,2008,484
CESSNA,57273.0,21407.0,27145,9638.0,2009,402
CESSNA,57273.0,21407.0,27145,9638.0,2010,430
CESSNA,57273.0,21407.0,27145,9638.0,2011,441
CESSNA,57273.0,21407.0,27145,9638.0,2012,399
CESSNA,57273.0,21407.0,27145,9638.0,2013,370
CESSNA,57273.0,21407.0,27145,9638.0,2014,330
CESSNA,57273.0,21407.0,27145,9638.0,2015,374
CESSNA,57273.0,21407.0,27145,9638.0,2016,398
CESSNA,57273.0,21407.0,27145,9638.0,2017,409
CESSNA,57273.0,21407.0,27145,9638.0,2018,403
CESSNA,57273.0,21407.0,27145,9638.0,2019,380
CESSNA,57273.0,21407.0,27145,9638.0,2020,344
CESSNA,57273.0,21407.0,27145,9638.0,2021,395
CESSNA,57273.0,21407.0,27145,9638.0,2022,373
CHAMPION,834.0,333.0,519,135.0,1982,12
CHAMPION,834.0,333.0,519,135.0,1983,20
CHAMPION,834.0,333.0,519,135.0,1984,20
CHAMPION,834.0,333.0,519,135.0,1985,21
CHAMPION,834.0,333.0,519,135.0,1986,19
CHAMPION,834.0,333.0,519,135.0,1987,32
CHAMPION,834.0,333.0,519,135.0,1988,23
CHAMPION,834.0,333.0,519,135.0,1989,17
CHAMPION,834.0,333.0,519,135.0,1990,13
CHAMPION,834.0,333.0,519,135.0,1991,19
CHAMPION,834.0,333.0,519,135.0,1992,25
CHAMPION,834.0,333.0,519,135.0,1993,14
CHAMPION,834.0,333.0,519,135.0,1994,11
CHAMPION,834.0,333.0,519,135.0,1995,15
CHAMPION,834.0,333.0,519,135.0,1996,17
CHAMPION,834.0,333.0,519,135.0,1997,14
CHAMPION,834.0,333.0,519,135.0,1998,12
CHAMPION,834.0,333.0,519,135.0,1999,15
CHAMPION,834.0,333.0,519,135.0,2000,8
CHAMPION,834.0,333.0,519,135.0,2001,9
CHAMPION,834.0,333.0,519,135.0,2002,3
CHAMPION,834.0,333.0,519,135.0,2003,8
CHAMPION,834.0,333.0,519,135.0,2004,13
CHAMPION,834.0,333.0,519,135.0,2005,8
CHAMPION,834.0,333.0,519,135.0,2006,11
CHAMPION,834.0,333.0,519,135.0,2007,8
CHAMPION,834.0,333.0,519,135.0,2008,2
CHAMPION,834.0,333.0,519,135.0,2009,12
CHAMPION,834.0,333.0,519,135.0,2010,10
CHAMPION,834.0,333.0,519,135.0,2011,5
CHAMPION,834.0,333.0,519,135.0,2012,5
CHAMPION,834.0,333.0,519,135.0,2013,7
CHAMPION,834.0,333.0,519,135.0,2014,7
CHAMPION,834.0,333.0,519,135.0,2015,9
CHAMPION,834.0,333.0,519,135.0,2016,10
CHAMPION,834.0,333.0,519,135.0,2017,9
CHAMPION,834.0,333.0,519,135.0,2018,15
CHAMPION,834.0,333.0,519,135.0,2019,12
CHAMPION,834.0,333.0,519,135.0,2020,19
CHAMPION,834.0,333.0,519,135.0,2021,2
CHAMPION,834.0,333.0,519,135.0,2022,8
CIRRUS,752.0,375.0,372,222.0,1985,1
CIRRUS,752.0,375.0,372,222.0,1996,1
CIRRUS,752.0,375.0,372,222.0,2002,1
CIRRUS,752.0,375.0,372,222.0,2004,1
CIRRUS,752.0,375.0,372,222.0,2005,1
CIRRUS,752.0,375.0,372,222.0,2006,9
CIRRUS,752.0,375.0,372,222.0,2007,5
CIRRUS,752.0,375.0,372,222.0,2008,12
CIRRUS,752.0,375.0,372,222.0,2009,22
CIRRUS,752.0,375.0,372,222.0,2010,23
CIRRUS,752.0,375.0,372,222.0,2011,29
CIRRUS,752.0,375.0,372,222.0,2012,23
CIRRUS,752.0,375.0,372,222.0,2013,23
CIRRUS,752.0,375.0,372,222.0,2014,19
CIRRUS,752.0,375.0,372,222.0,2015,20
CIRRUS,752.0,375.0,372,222.0,2016,27
CIRRUS,752.0,375.0,372,222.0,2017,24
CIRRUS,752.0,375.0,372,222.0,2018,31
CIRRUS,752.0,375.0,372,222.0,2019,35
CIRRUS,752.0,375.0,372,222.0,2020,18
CIRRUS,752.0,375.0,372,222.0,2021,16
CIRRUS,752.0,375.0,372,222.0,2022,31
DE HAVILLAND,2830.0,655.0,391,308.0,1982,15
DE HAVILLAND,2830.0,655.0,391,308.0,1983,13
DE HAVILLAND,2830.0,655.0,391,308.0,1984,16
DE HAVILLAND,2830.0,655.0,391,308.0,1985,15
DE HAVILLAND,2830.0,655.0,391,308.0,1986,14
DE HAVILLAND,2830.0,655.0,391,308.0,1987,17
DE HAVILLAND,2830.0,655.0,391,308.0,1988,21
DE HAVILLAND,2830.0,655.0,391,308.0,1989,22
DE HAVILLAND,2830.0,655.0,391,308.0,1990,20
DE HAVILLAND,2830.0,655.0,391,308.0,1991,13
DE HAVILLAND,2830.0,655.0,391,308.0,1992,13
DE HAVILLAND,2830.0,655.0,391,308.0,1993,13
DE HAVILLAND,2830.0,655.0,391,308.0,1994,12
DE HAVILLAND,2830.0,655.0,391,308.0,1995,11
DE HAVILLAND,2830.0,655.0,391,308.0,1996,12
DE HAVILLAND,2830.0,655.0,391,308.0,1997,16
DE HAVILLAND,2830.0,655.0,391,308.0,1998,7
DE HAVILLAND,2830.0,655.0,391,308.0,1999,14
DE HAVILLAND,2830.0,655.0,391,308.0,2000,13
DE HAVILLAND,2830.0,655.0,391,308.0,2001,20
DE HAVILLAND,2830.0,655.0,391,308.0,2002,15
DE HAVILLAND,2830.0,655.0,391,308.0,2003,7
DE HAVILLAND,2830.0,655.0,391,308.0,2004,9
DE HAVILLAND,2830.0,655.0,391,308.0,2005,11
DE HAVILLAND,2830.0,655.0,391,308.0,2006,11
DE HAVILLAND,2830.0,655.0,391,308.0,2007,8
DE HAVILLAND,2830.0,655.0,391,308.0,2008,9
DE HAVILLAND,2830.0,655.0,391,308.0,2018,8
DE HAVILLAND,2830.0,655.0,391,308.0,2019,13
DE HAVILLAND,2830.0,655.0,391,308.0,2020,3
DEHAVILLAND,672.0,221.0,131,123.0,2000,1
DEHAVILLAND,672.0,221.0,131,123.0,2003,2
DEHAVILLAND,672.0,221.0,131,123.0,2004,1
DEHAVILLAND,672.0,221.0,131,123.0,2005,2
DEHAVILLAND,672.0,221.0,131,123.0,2007,1
DEHAVILLAND,672.0,221.0,131,123.0,2008,6
DEHAVILLAND,672.0,221.0,131,123.0,2009,8
DEHAVILLAND,672.0,221.0,131,123.0,2010,9
DEHAVILLAND,672.0,221.0,131,123.0,2011,11
DEHAVILLAND,672.0,221.0,131,123.0,2012,10
DEHAVILLAND,672.0,221.0,131,123.0,2013,9
DEHAVILLAND,672.0,221.0,131,123.0,2014,13
DEHAVILLAND,672.0,221.0,131,123.0,2015,11
DEHAVILLAND,672.0,221.0,131,123.0,2016,8
DEHAVILLAND,672.0,221.0,131,123.0,2017,8
DEHAVILLAND,672.0,221.0,131,123.0,2018,4
DEHAVILLAND,672.0,221.0,131,123.0,2019,6
DEHAVILLAND,672.0,221.0,131,123.0,2021,8
DEHAVILLAND,672.0,221.0,131,123.0,2022,13
DOUGLAS,10154.0,1336.0,281,984.0,1982,14
DOUGLAS,10154.0,1336.0,281,984.0,1983,24
DOUGLAS,10154.0,1336.0,281,984.0,1984,16
DOUGLAS,10154.0,1336.0,281,984.0,1985,14
DOUGLAS,10154.0,1336.0,281,984.0,1986,9
DOUGLAS,10154.0,1336.0,281,984.0,1987,7
DOUGLAS,10154.0,1336.0,281,984.0,1988,10
DOUGLAS,10154.0,1336.0,281,984.0,1989,8
DOUGLAS,10154.0,1336.0,281,984.0,1990,9
DOUGLAS,10154.0,1336.0,281,984.0,1991,7
DOUGLAS,10154.0,1336.0,281,984.0,1992,11
DOUGLAS,10154.0,1336.0,281,984.0,1993,10
DOUGLAS,10154.0,1336.0,281,984.0,1994,11
DOUGLAS,10154.0,1336.0,281,984.0,1995,13
DOUGLAS,10154.0,1336.0,281,984.0,1996,14
DOUGLAS,10154.0,1336.0,281,984.0,1997,7
DOUGLAS,10154.0,1336.0,281,984.0,1998,17
DOUGLAS,10154.0,1336.0,281,984.0,1999,8
DOUGLAS,10154.0,1336.0,281,984.0,2000,13
DOUGLAS,10154.0,1336.0,281,984.0,2001,10
DOUGLAS,10154.0,1336.0,281,984.0,2002,4
DOUGLAS,10154.0,1336.0,281,984.0,2004,4
DOUGLAS,10154.0,1336.0,281,984.0,2005,1
DOUGLAS,10154.0,1336.0,281,984.0,2006,3
DOUGLAS,10154.0,1336.0,281,984.0,2007,7
DOUGLAS,10154.0,1336.0,281,984.0,2008,1
DOUGLAS,10154.0,1336.0,281,984.0,2009,3
DOUGLAS,10154.0,1336.0,281,984.0,2010,3
DOUGLAS,10154.0,1336.0,281,984.0,2011,3
DOUGLAS,10154.0,1336.0,281,984.0,2012,1
DOUGLAS,10154.0,1336.0,281,984.0,2013,1
DOUGLAS,10154.0,1336.0,281,984.0,2014,1
DOUGLAS,10154.0,1336.0,281,984.0,2015,1
DOUGLAS,10154.0,1336.0,281,984.0,2016,3
DOUGLAS,10154.0,1336.0,281,984.0,2017,1
DOUGLAS,10154.0,1336.0,281,984.0,2018,3
DOUGLAS,10154.0,1336.0,281,984.0,2019,5
DOUGLAS,10154.0,1336.0,281,984.0,2020,2
DOUGLAS,10154.0,1336.0,281,984.0,2021,1
DOUGLAS,10154.0,1336.0,281,984.0,2022,1
EMBRAER,7105.0,703.0,236,436.0,1982,2
EMBRAER,7105.0,703.0,236,436.0,1983,2
EMBRAER,7105.0,703.0,236,436.0,1984,4
EMBRAER,7105.0,703.0,236,436.0,1985,2
EMBRAER,7105.0,703.0,236,436.0,1986,2
EMBRAER,7105.0,703.0,236,436.0,1987,5
EMBRAER,7105.0,703.0,236,436.0,1988,3
EMBRAER,7105.0,703.0,236,436.0,1989,1
EMBRAER,7105.0,703.0,236,436.0,1990,3
EMBRAER,7105.0,703.0,236,436.0,1991,3
EMBRAER,7105.0,703.0,236,436.0,1992,2
EMBRAER,7105.0,703.0,236,436.0,1993,1
EMBRAER,7105.0,703.0,236,436.0,1995,2
EMBRAER,7105.0,703.0,236,436.0,1996,4
EMBRAER,7105.0,703.0,236,436.0,1997,2
EMBRAER,7105.0,703.0,236,436.0,1998,3
EMBRAER,7105.0,703.0,236,436.0,1999,2
EMBRAER,7105.0,703.0,236,436.0,2000,4
EMBRAER,7105.0,703.0,236,436.0,2001,7
EMBRAER,7105.0,703.0,236,436.0,2002,1
EMBRAER,7105.0,703.0,236,436.0,2003,6
EMBRAER,7105.0,703.0,236,436.0,2004,4
EMBRAER,7105.0,703.0,236,436.0,2005,9
EMBRAER,7105.0,703.0,236,436.0,2006,8
EMBRAER,7105.0,703.0,236,436.0,2007,8
EMBRAER,7105.0,703.0,236,436.0,2008,9
EMBRAER,7105.0,703.0,236,436.0,2009,8
EMBRAER,7105.0,703.0,236,436.0,2010,20
EMBRAER,7105.0,703.0,236,436.0,2011,12
EMBRAER,7105.0,703.0,236,436.0,2012,8
EMBRAER,7105.0,703.0,236,436.0,2013,9
EMBRAER,7105.0,703.0,236,436.0,2014,14
EMBRAER,7105.0,703.0,236,436.0,2015,11
EMBRAER,7105.0,703.0,236,436.0,2016,13
EMBRAER,7105.0,703.0,236,436.0,2017,6
EMBRAER,7105.0,703.0,236,436.0,2018,9
EMBRAER,7105.0,703.0,236,436.0,2019,11
EMBRAER,7105.0,703.0,236,436.0,2020,6
EMBRAER,7105.0,703.0,236,436.0,2021,5
EMBRAER,7105.0,703.0,236,436.0,2022,5
ENSTROM,563.0,181.0,296,49.0,1982,15
ENSTROM,563.0,181.0,296,49.0,1983,23
ENSTROM,563.0,181.0,296,49.0,1984,11
ENSTROM,563.0,181.0,296,49.0,1985,8
ENSTROM,563.0,181.0,296,49.0,1986,11
ENSTROM,563.0,181.0,296,49.0,1987,10
ENSTROM,563.0,181.0,296,49.0,1988,12
ENSTROM,563.0,181.0,296,49.0,1989,9
ENSTROM,563.0,181.0,296,49.0,1990,13
ENSTROM,563.0,181.0,296,49.0,1991,6
ENSTROM,563.0,181.0,296,49.0,1992,12
ENSTROM,563.0,181.0,296,49.0,1993,9
ENSTROM,563.0,181.0,296,49.0,1994,6
ENSTROM,563.0,181.0,296,49.0,1995,8
ENSTROM,563.0,181.0,296,49.0,1996,6
ENSTROM,563.0,181.0,296,49.0,1997,9
ENSTROM,563.0,181.0,296,49.0,1998,13
ENSTROM,563.0,181.0,296,49.0,1999,8
ENSTROM,563.0,181.0,296,49.0,2000,5
ENSTROM,563.0,181.0,296,49.0,2001,10
ENSTROM,563.0,181.0,296,49.0,2002,6
ENSTROM,563.0,181.0,296,49.0,2003,9
ENSTROM,563.0,181.0,296,49.0,2004,6
ENSTROM,563.0,181.0,296,49.0,2005,6
ENSTROM,563.0,181.0,296,49.0,2006,3
ENSTROM,563.0,181.0,296,49.0,2007,3
ENSTROM,563.0,181.0,296,49.0,2008,3
ENSTROM,563.0,181.0,296,49.0,2009,3
ENSTROM,563.0,181.0,296,49.0,2010,2
ENSTROM,563.0,181.0,296,49.0,2011,4
ENSTROM,563.0,181.0,296,49.0,2012,5
ENSTROM,563.0,181.0,296,49.0,2013,6
ENSTROM,563.0,181.0,296,49.0,2014,4
ENSTROM,563.0,181.0,296,49.0,2015,5
ENSTROM,563.0,181.0,296,49.0,2016,7
ENSTROM,563.0,181.0,296,49.0,2017,3
ENSTROM,563.0,181.0,296,49.0,2018,1
ENSTROM,563.0,181.0,296,49.0,2019,5
ENSTROM,563.0,181.0,296,49.0,2020,4
ENSTROM,563.0,181.0,296,49.0,2021,5
ENSTROM,563.0,181.0,296,49.0,2022,2
EUROCOPTER,716.0,359.0,220,186.0,1994,2
EUROCOPTER,716.0,359.0,220,186.0,1995,4
EUROCOPTER,716.0,359.0,220,186.0,1996,1
EUROCOPTER,716.0,359.0,220,186.0,1997,1
EUROCOPTER,716.0,359.0,220,186.0,1998,3
EUROCOPTER,716.0,359.0,220,186.0,1999,11
EUROCOPTER,716.0,359.0,220,186.0,2000,11
EUROCOPTER,716.0,359.0,220,186.0,2001,8
EUROCOPTER,716.0,359.0,220,186.0,2002,4
EUROCOPTER,716.0,359.0,220,186.0,2003,4
EUROCOPTER,716.0,359.0,220,186.0,2004,9
EUROCOPTER,716.0,359.0,220,186.0,2005,4
EUROCOPTER,716.0,359.0,220,186.0,2006,12
EUROCOPTER,716.0,359.0,220,186.0,2007,12
EUROCOPTER,716.0,359.0,220,186.0,2008,8
EUROCOPTER,716.0,359.0,220,186.0,2009,21
EUROCOPTER,716.0,359.0,220,186.0,2010,15
EUROCOPTER,716.0,359.0,220,186.0,2011,15
EUROCOPTER,716.0,359.0,220,186.0,2012,9
EUROCOPTER,716.0,359.0,220,186.0,2013,12
EUROCOPTER,716.0,359.0,220,186.0,2014,8
EUROCOPTER,716.0,359.0,220,186.0,2015,5
EUROCOPTER,716.0,359.0,220,186.0,2016,3
EUROCOPTER,716.0,359.0,220,186.0,2017,7
EUROCOPTER,716.0,359.0,220,186.0,2018,8
EUROCOPTER,716.0,359.0,220,186.0,2019,3
EUROCOPTER,716.0,359.0,220,186.0,2020,4
EUROCOPTER,716.0,359.0,220,186.0,2021,6
EUROCOPTER,716.0,359.0,220,186.0,2022,10
FAIRCHILD,1406.0,278.0,161,146.0,1982,6
FAIRCHILD,1406.0,278.0,161,146.0,1983,2
FAIRCHILD,1406.0,278.0,161,146.0,1984,6
FAIRCHILD,1406.0,278.0,161,146.0,1985,7
FAIRCHILD,1406.0,278.0,161,146.0,1986,7
FAIRCHILD,1406.0,278.0,161,146.0,1987,5
FAIRCHILD,1406.0,278.0,161,146.0,1988,11
FAIRCHILD,1406.0,278.0,161,146.0,1989,4
FAIRCHILD,1406.0,278.0,161,146.0,1990,5
FAIRCHILD,1406.0,278.0,161,146.0,1991,4
FAIRCHILD,1406.0,278.0,161,146.0,1992,9
FAIRCHILD,1406.0,278.0,161,146.0,1993,8
FAIRCHILD,1406.0,278.0,161,146.0,1994,5
FAIRCHILD,1406.0,278.0,161,146.0,1995,11
FAIRCHILD,1406.0,278.0,161,146.0,1996,4
FAIRCHILD,1406.0,278.0,161,146.0,1997,5
FAIRCHILD,1406.0,278.0,161,146.0,1998,4
FAIRCHILD,1406.0,278.0,161,146.0,1999,3
FAIRCHILD,1406.0,278.0,161,146.0,2000,9
FAIRCHILD,1406.0,278.0,161,146.0,2001,3
FAIRCHILD,1406.0,278.0,161,146.0,2002,3
FAIRCHILD,1406.0,278.0,161,146.0,2003,3
FAIRCHILD,1406.0,278.0,161,146.0,2004,5
FAIRCHILD,1406.0,278.0,161,146.0,2005,1
FAIRCHILD,1406.0,278.0,161,146.0,2006,2
FAIRCHILD,1406.0,278.0,161,146.0,2008,4
FAIRCHILD,1406.0,278.0,161,146.0,2009,1
FAIRCHILD,1406.0,278.0,161,146.0,2010,3
FAIRCHILD,1406.0,278.0,161,146.0,2011,3
FAIRCHILD,1406.0,278.0,161,146.0,2012,7
FAIRCHILD,1406.0,278.0,161,146.0,2013,2
FAIRCHILD,1406.0,278.0,161,146.0,2015,1
FAIRCHILD,1406.0,278.0,161,146.0,2016,4
FAIRCHILD,1406.0,278.0,161,146.0,2017,1
FAIRCHILD,1406.0,278.0,161,146.0,2020,1
FAIRCHILD,1406.0,278.0,161,146.0,2022,2
FOKKER,3352.0,372.0,66,221.0,1982,2
FOKKER,3352.0,372.0,66,221.0,1984,1
FOKKER,3352.0,372.0,66,221.0,1985,2
FOKKER,3352.0,372.0,66,221.0,1986,1
FOKKER,3352.0,372.0,66,221.0,1987,3
FOKKER,3352.0,372.0,66,221.0,1988,1
FOKKER,3352.0,372.0,66,221.0,1989,3
FOKKER,3352.0,372.0,66,221.0,1990,3
FOKKER,3352.0,372.0,66,221.0,1992,3
FOKKER,3352.0,372.0,66,221.0,1993,3
FOKKER,3352.0,372.0,66,221.0,1994,4
FOKKER,3352.0,372.0,66,221.0,1995,1
FOKKER,3352.0,372.0,66,221.0,1996,1
FOKKER,3352.0,372.0,66,221.0,1997,2
FOKKER,3352.0,372.0,66,221.0,1998,4
FOKKER,3352.0,372.0,66,221.0,1999,2
FOKKER,3352.0,372.0,66,221.0,2000,3
FOKKER,3352.0,372.0,66,221.0,2001,6
FOKKER,3352.0,372.0,66,221.0,2002,2
FOKKER,3352.0,372.0,66,221.0,2003,5
FOKKER,3352.0,372.0,66,221.0,2004,2
FOKKER,3352.0,372.0,66,221.0,2007,1
FOKKER,3352.0,372.0,66,221.0,2008,1
FOKKER,3352.0,372.0,66,221.0,2010,2
FOKKER,3352.0,372.0,66,221.0,2012,1
FOKKER,3352.0,372.0,66,221.0,2014,2
FOKKER,3352.0,372.0,66,221.0,2015,1
FOKKER,3352.0,372.0,66,221.0,2016,1
FOKKER,3352.0,372.0,66,221.0,2017,2
FOKKER,3352.0,372.0,66,221.0,2020,1
GRUMMAN,1960.0,687.0,1172,248.0,1982,104
GRUMMAN,1960.0,687.0,1172,248.0,1983,90
GRUMMAN,1960.0,687.0,1172,248.0,1984,90
GRUMMAN,1960.0,687.0,1172,248.0,1985,50
GRUMMAN,1960.0,687.0,1172,248.0,1986,55
GRUMMAN,1960.0,687.0,1172,248.0,1987,64
GRUMMAN,1960.0,687.0,1172,248.0,1988,59
GRUMMAN,1960.0,687.0,1172,248.0,1989,40
GRUMMAN,1960.0,687.0,1172,248.0,1990,56
GRUMMAN,1960.0,687.0,1172,248.0,1991,61
GRUMMAN,1960.0,687.0,1172,248.0,1992,47
GRUMMAN,1960.0,687.0,1172,248.0,1993,51
GRUMMAN,1960.0,687.0,1172,248.0,1994,54
GRUMMAN,1960.0,687.0,1172,248.0,1995,44
GRUMMAN,1960.0,687.0,1172,248.0,1996,21
GRUMMAN,1960.0,687.0,1172,248.0,1997,19
GRUMMAN,1960.0,687.0,1172,248.0,1998,22
GRUMMAN,1960.0,687.0,1172,248.0,1999,13
GRUMMAN,1960.0,687.0,1172,248.0,2000,17
GRUMMAN,1960.0,687.0,1172,248.0,2001,15
GRUMMAN,1960.0,687.0,1172,248.0,2002,12
GRUMMAN,1960.0,687.0,1172,248.0,2003,11
GRUMMAN,1960.0,687.0,1172,248.0,2004,18
GRUMMAN,1960.0,687.0,1172,248.0,2005,25
GRUMMAN,1960.0,687.0,1172,248.0,2006,14
GRUMMAN,1960.0,687.0,1172,248.0,2007,12
GRUMMAN,1960.0,687.0,1172,248.0,2008,16
GRUMMAN,1960.0,687.0,1172,248.0,2009,7
GRUMMAN,1960.0,687.0,1172,248.0,2010,6
GRUMMAN,1960.0,687.0,1172,248.0,2011,9
GRUMMAN,1960.0,687.0,1172,248.0,2012,7
GRUMMAN,1960.0,687.0,1172,248.0,2013,3
GRUMMAN,1960.0,687.0,1172,248.0,2014,4
GRUMMAN,1960.0,687.0,1172,248.0,2015,5
GRUMMAN,1960.0,687.0,1172,248.0,2016,5
GRUMMAN,1960.0,687.0,1172,248.0,2017,7
GRUMMAN,1960.0,687.0,1172,248.0,2018,7
GRUMMAN,1960.0,687.0,1172,248.0,2019,10
GRUMMAN,1960.0,687.0,1172,248.0,2020,15
GRUMMAN,1960.0,687.0,1172,248.0,2021,4
GRUMMAN,1960.0,687.0,1172,248.0,2022,3
HUGHES,1956.0,776.0,932,203.0,1982,53
HUGHES,1956.0,776.0,932,203.0,1983,36
HUGHES,1956.0,776.0,932,203.0,1984,46
HUGHES,1956.0,776.0,932,203.0,1985,43
HUGHES,1956.0,776.0,932,203.0,1986,38
HUGHES,1956.0,776.0,932,203.0,1987,29
HUGHES,1956.0,776.0,932,203.0,1988,32
HUGHES,1956.0,776.0,932,203.0,1989,36
HUGHES,1956.0,776.0,932,203.0,1990,39
HUGHES,1956.0,776.0,932,203.0,1991,31
HUGHES,1956.0,776.0,932,203.0,1992,32
HUGHES,1956.0,776.0,932,203.0,1993,25
HUGHES,1956.0,776.0,932,203.0,1994,30
HUGHES,1956.0,776.0,932,203.0,1995,20
HUGHES,1956.0,776.0,932,203.0,1996,26
HUGHES,1956.0,776.0,932,203.0,1997,24
HUGHES,1956.0,776.0,932,203.0,1998,17
HUGHES,1956.0,776.0,932,203.0,1999,27
HUGHES,1956.0,776.0,932,203.0,2000,31
HUGHES,1956.0,776.0,932,203.0,2001,28
HUGHES,1956.0,776.0,932,203.0,2002,29
HUGHES,1956.0,776.0,932,203.0,2003,33
HUGHES,1956.0,776.0,932,203.0,2004,13
HUGHES,1956.0,776.0,932,203.0,2005,23
HUGHES,1956.0,776.0,932,203.0,2006,15
HUGHES,1956.0,776.0,932,203.0,2007,17
HUGHES,1956.0,776.0,932,203.0,2008,15
HUGHES,1956.0,776.0,932,203.0,2009,13
HUGHES,1956.0,776.0,932,203.0,2010,8
HUGHES,1956.0,776.0,932,203.0,2011,11
HUGHES,1956.0,776.0,932,203.0,2012,15
HUGHES,1956.0,776.0,932,203.0,2013,13
HUGHES,1956.0,776.0,932,203.0,2014,9
HUGHES,1956.0,776.0,932,203.0,2015,13
HUGHES,1956.0,776.0,932,203.0,2016,10
HUGHES,1956.0,776.0,932,203.0,2017,9
HUGHES,1956.0,776.0,932,203.0,2018,16
HUGHES,1956.0,776.0,932,203.0,2019,7
HUGHES,1956.0,776.0,932,203.0,2020,6
HUGHES,1956.0,776.0,932,203.0,2021,7
HUGHES,1956.0,776.0,932,203.0,2022,7
LEARJET,574.0,190.0,134,133.0,1982,1
LEARJET,574.0,190.0,134,133.0,1983,1
LEARJET,574.0,190.0,134,133.0,1984,2
LEARJET,574.0,190.0,134,133.0,1985,2
LEARJET,574.0,190.0,134,133.0,1986,4
LEARJET,574.0,190.0,134,133.0,1987,4
LEARJET,574.0,190.0,134,133.0,1988,5
LEARJET,574.0,190.0,134,133.0,1989,2
LEARJET,574.0,190.0,134,133.0,1990,4
LEARJET,574.0,190.0,134,133.0,1991,4
LEARJET,574.0,190.0,134,133.0,1992,2
LEARJET,574.0,190.0,134,133.0,1993,1
LEARJET,574.0,190.0,134,133.0,1994,5
LEARJET,574.0,190.0,134,133.0,1996,4
LEARJET,574.0,190.0,134,133.0,1997,7
LEARJET,574.0,190.0,134,133.0,1998,7
LEARJET,574.0,190.0,134,133.0,1999,6
LEARJET,574.0,190.0,134,133.0,2000,4
LEARJET,574.0,190.0,134,133.0,2001,7
LEARJET,574.0,190.0,134,133.0,2002,2
LEARJET,574.0,190.0,134,133.0,2003,6
LEARJET,574.0,190.0,134,133.0,2004,5
LEARJET,574.0,190.0,134,133.0,2005,4
LEARJET,574.0,190.0,134,133.0,2006,2
LEARJET,574.0,190.0,134,133.0,2007,8
LEARJET,574.0,190.0,134,133.0,2008,7
LEARJET,574.0,190.0,134,133.0,2009,2
LEARJET,574.0,190.0,134,133.0,2011,2
LEARJET,574.0,190.0,134,133.0,2012,1
LEARJET,574.0,190.0,134,133.0,2013,1
LEARJET,574.0,190.0,134,133.0,2014,1
LEARJET,574.0,190.0,134,133.0,2015,3
LEARJET,574.0,190.0,134,133.0,2016,3
LEARJET,574.0,190.0,134,133.0,2017,3
LEARJET,574.0,190.0,134,133.0,2018,1
LEARJET,574.0,190.0,134,133.0,2019,3
LEARJET,574.0,190.0,134,133.0,2020,5
LEARJET,574.0,190.0,134,133.0,2021,2
LEARJET,574.0,190.0,134,133.0,2022,1
LOCKHEED,8770.0,602.0,123,326.0,1982,3
LOCKHEED,8770.0,602.0,123,326.0,1983,10
LOCKHEED,8770.0,602.0,123,326.0,1984,7
LOCKHEED,8770.0,602.0,123,326.0,1985,8
LOCKHEED,8770.0,602.0,123,326.0,1986,7
LOCKHEED,8770.0,602.0,123,326.0,1987,8
LOCKHEED,8770.0,602.0,123,326.0,1988,2
LOCKHEED,8770.0,602.0,123,326.0,1989,1
LOCKHEED,8770.0,602.0,123,326.0,1990,8
LOCKHEED,8770.0,602.0,123,326.0,1991,1
LOCKHEED,8770.0,602.0,123,326.0,1992,6
LOCKHEED,8770.0,602.0,123,326.0,1993,1
LOCKHEED,8770.0,602.0,123,326.0,1994,5
LOCKHEED,8770.0,602.0,123,326.0,1995,3
LOCKHEED,8770.0,602.0,123,326.0,1996,2
LOCKHEED,8770.0,602.0,123,326.0,1997,8
LOCKHEED,8770.0,602.0,123,326.0,1998,5
LOCKHEED,8770.0,602.0,123,326.0,1999,2
LOCKHEED,8770.0,602.0,123,326.0,2000,5
LOCKHEED,8770.0,602.0,123,326.0,2001,4
LOCKHEED,8770.0,602.0,123,326.0,2002,1
LOCKHEED,8770.0,602.0,123,326.0,2003,3
LOCKHEED,8770.0,602.0,123,326.0,2004,4
LOCKHEED,8770.0,602.0,123,326.0,2005,2
LOCKHEED,8770.0,602.0,123,326.0,2006,2
LOCKHEED,8770.0,602.0,123,326.0,2007,3
LOCKHEED,8770.0,602.0,123,326.0,2008,1
LOCKHEED,8770.0,602.0,123,326.0,2009,1
LOCKHEED,8770.0,602.0,123,326.0,2010,2
LOCKHEED,8770.0,602.0,123,326.0,2012,1
LOCKHEED,8770.0,602.0,123,326.0,2014,1
LOCKHEED,8770.0,602.0,123,326.0,2016,3
LOCKHEED,8770.0,602.0,123,326.0,2017,1
LOCKHEED,8770.0,602.0,123,326.0,2019,1
LOCKHEED,8770.0,602.0,123,326.0,2020,1
LUSCOMBE,631.0,239.0,414,71.0,1982,23
LUSCOMBE,631.0,239.0,414,71.0,1983,10
LUSCOMBE,631.0,239.0,414,71.0,1984,11
LUSCOMBE,631.0,239.0,414,71.0,1985,17
LUSCOMBE,631.0,239.0,414,71.0,1986,20
LUSCOMBE,631.0,239.0,414,71.0,1987,10
LUSCOMBE,631.0,239.0,414,71.0,1988,13
LUSCOMBE,631.0,239.0,414,71.0,1989,10
LUSCOMBE,631.0,239.0,414,71.0,1990,10
LUSCOMBE,631.0,239.0,414,71.0,1991,12
LUSCOMBE,631.0,239.0,414,71.0,1992,10
LUSCOMBE,631.0,239.0,414,71.0,1993,12
LUSCOMBE,631.0,239.0,414,71.0,1994,10
LUSCOMBE,631.0,239.0,414,71.0,1995,12
LUSCOMBE,631.0,239.0,414,71.0,1996,10
LUSCOMBE,631.0,239.0,414,71.0,1997,13
LUSCOMBE,631.0,239.0,414,71.0,1998,6
LUSCOMBE,631.0,239.0,414,71.0,1999,13
LUSCOMBE,631.0,239.0,414,71.0,2000,10
LUSCOMBE,631.0,239.0,414,71.0,2001,12
LUSCOMBE,631.0,239.0,414,71.0,2002,6
LUSCOMBE,631.0,239.0,414,71.0,2003,13
LUSCOMBE,631.0,239.0,414,71.0,2004,7
LUSCOMBE,631.0,239.0,414,71.0,2005,8
LUSCOMBE,631.0,239.0,414,71.0,2006,7
LUSCOMBE,631.0,239.0,414,71.0,2007,14
LUSCOMBE,631.0,239.0,414,71.0,2008,5
LUSCOMBE,631.0,239.0,414,71.0,2009,7
LUSCOMBE,631.0,239.0,414,71.0,2010,12
LUSCOMBE,631.0,239.0,414,71.0,2011,11
LUSCOMBE,631.0,239.0,414,71.0,2012,9
LUSCOMBE,631.0,239.0,414,71.0,2013,8
LUSCOMBE,631.0,239.0,414,71.0,2014,3
LUSCOMBE,631.0,239.0,414,71.0,2015,7
LUSCOMBE,631.0,239.0,414,71.0,2016,10
LUSCOMBE,631.0,239.0,414,71.0,2017,9
LUSCOMBE,631.0,239.0,414,71.0,2018,9
LUSCOMBE,631.0,239.0,414,71.0,2019,10
LUSCOMBE,631.0,239.0,414,71.0,2020,2
LUSCOMBE,631.0,239.0,414,71.0,2021,7
LUSCOMBE,631.0,239.0,414,71.0,2022,6
MAULE,1095.0,271.0,589,110.0,1982,17
MAULE,1095.0,271.0,589,110.0,1983,14
MAULE,1095.0,271.0,589,110.0,1984,31
MAULE,1095.0,271.0,589,110.0,1985,24
MAULE,1095.0,271.0,589,110.0,1986,15
MAULE,1095.0,271.0,589,110.0,1987,14
MAULE,1095.0,271.0,589,110.0,1988,14
MAULE,1095.0,271.0,589,110.0,1989,16
MAULE,1095.0,271.0,589,110.0,1990,11
MAULE,1095.0,271.0,589,110.0,1991,18
MAULE,1095.0,271.0,589,110.0,1992,14
MAULE,1095.0,271.0,589,110.0,1993,16
MAULE,1095.0,271.0,589,110.0,1994,14
MAULE,1095.0,271.0,589,110.0,1995,18
MAULE,1095.0,271.0,589,110.0,1996,18
MAULE,1095.0,271.0,589,110.0,1997,16
MAULE,1095.0,271.0,589,110.0,1998,8
MAULE,1095.0,271.0,589,110.0,1999,18
MAULE,1095.0,271.0,589,110.0,2000,15
MAULE,1095.0,271.0,589,110.0,2001,17
MAULE,1095.0,271.0,589,110.0,2002,13
MAULE,1095.0,271.0,589,110.0,2003,16
MAULE,1095.0,271.0,589,110.0,2004,13
MAULE,1095.0,271.0,589,110.0,2005,18
MAULE,1095.0,271.0,589,110.0,2006,13
MAULE,1095.0,271.0,589,110.0,2007,17
MAULE,1095.0,271.0,589,110.0,2008,15
MAULE,1095.0,271.0,589,110.0,2009,14
MAULE,1095.0,271.0,589,110.0,2010,16
MAULE,1095.0,271.0,589,110.0,2011,12
MAULE,1095.0,271.0,589,110.0,2012,12
MAULE,1095.0,271.0,589,110.0,2013,11
MAULE,1095.0,271.0,589,110.0,2014,9
MAULE,1095.0,271.0,589,110.0,2015,11
MAULE,1095.0,271.0,589,110.0,2016,12
MAULE,1095.0,271.0,589,110.0,2017,11
MAULE,1095.0,271.0,589,110.0,2018,12
MAULE,1095.0,271.0,589,110.0,2019,9
MAULE,1095.0,271.0,589,110.0,2020,7
MAULE,1095.0,271.0,589,110.0,2021,11
MAULE,1095.0,271.0,589,110.0,2022,9
MCDONNELL DOUGLAS,48487.0,3347.0,608,1286.0,1979,1
MCDONNELL DOUGLAS,48487.0,3347.0,608,1286.0,1982,4
MCDONNELL DOUGLAS,48487.0,3347.0,608,1286.0,1983,17
MCDONNELL DOUGLAS,48487.0,3347.0,608,1286.0,1984,21
MCDONNELL DOUGLAS,48487.0,3347.0,608,1286.0,1985,12
MCDONNELL DOUGLAS,48487.0,3347.0,608,1286.0,1986,14
MCDONNELL DOUGLAS,48487.0,3347.0,608,1286.0,1987,24
MCDONNELL DOUGLAS,48487.0,3347.0,608,1286.0,1988,20
MCDONNELL DOUGLAS,48487.0,3347.0,608,1286.0,1989,26
MCDONNELL DOUGLAS,48487.0,3347.0,608,1286.0,1990,17
MCDONNELL DOUGLAS,48487.0,3347.0,608,1286.0,1991,16
MCDONNELL DOUGLAS,48487.0,3347.0,608,1286.0,1992,21
MCDONNELL DOUGLAS,48487.0,3347.0,608,1286.0,1993,16
MCDONNELL DOUGLAS,48487.0,3347.0,608,1286.0,1994,17
MCDONNELL DOUGLAS,48487.0,3347.0,608,1286.0,1995,18
MCDONNELL DOUGLAS,48487.0,3347.0,608,1286.0,1996,31
MCDONNELL DOUGLAS,48487.0,3347.0,608,1286.0,1997,37
MCDONNELL DOUGLAS,48487.0,3347.0,608,1286.0,1998,28
MCDONNELL DOUGLAS,48487.0,3347.0,608,1286.0,1999,30
MCDONNELL DOUGLAS,48487.0,3347.0,608,1286.0,2000,29
MCDONNELL DOUGLAS,48487.0,3347.0,608,1286.0,2001,20
MCDONNELL DOUGLAS,48487.0,3347.0,608,1286.0,2002,27
MCDONNELL DOUGLAS,48487.0,3347.0,608,1286.0,2003,17
MCDONNELL DOUGLAS,48487.0,3347.0,608,1286.0,2004,16
MCDONNELL DOUGLAS,48487.0,3347.0,608,1286.0,2005,16
MCDONNELL DOUGLAS,48487.0,3347.0,608,1286.0,2006,13
MCDONNELL DOUGLAS,48487.0,3347.0,608,1286.0,2007,14
MCDONNELL DOUGLAS,48487.0,3347.0,608,1286.0,2008,12
MCDONNELL DOUGLAS,48487.0,3347.0,608,1286.0,2009,12
MCDONNELL DOUGLAS,48487.0,3347.0,608,1286.0,2010,8
MCDONNELL DOUGLAS,48487.0,3347.0,608,1286.0,2011,7
MCDONNELL DOUGLAS,48487.0,3347.0,608,1286.0,2012,6
MCDONNELL DOUGLAS,48487.0,3347.0,608,1286.0,2013,4
MCDONNELL DOUGLAS,48487.0,3347.0,608,1286.0,2014,5
MCDONNELL DOUGLAS,48487.0,3347.0,608,1286.0,2015,3
MCDONNELL DOUGLAS,48487.0,3347.0,608,1286.0,2016,4
MCDONNELL DOUGLAS,48487.0,3347.0,608,1286.0,2017,5
MCDONNELL DOUGLAS,48487.0,3347.0,608,1286.0,2018,5
MCDONNELL DOUGLAS,48487.0,3347.0,608,1286.0,2019,4
MCDONNELL DOUGLAS,48487.0,3347.0,608,1286.0,2020,2
MCDONNELL DOUGLAS,48487.0,3347.0,608,1286.0,2021,4
MCDONNELL DOUGLAS,48487.0,3347.0,608,1286.0,2022,5
MCDONNELL DOUGLAS AIRCRAFT CO,685.0,0.0,6,0.0,2010,1
MCDONNELL DOUGLAS AIRCRAFT CO,685.0,0.0,6,0.0,2011,1
MCDONNELL DOUGLAS AIRCRAFT CO,685.0,0.0,6,0.0,2013,1
MCDONNELL DOUGLAS AIRCRAFT CO,685.0,0.0,6,0.0,2014,1
MCDONNELL DOUGLAS AIRCRAFT CO,685.0,0.0,6,0.0,2015,1
MCDONNELL DOUGLAS AIRCRAFT CO,685.0,0.0,6,0.0,2017,1
MOONEY,2736.0,1324.0,1334,685.0,1982,56
MOONEY,2736.0,1324.0,1334,685.0,1983,61
MOONEY,2736.0,1324.0,1334,685.0,1984,60
MOONEY,2736.0,1324.0,1334,685.0,1985,51
MOONEY,2736.0,1324.0,1334,685.0,1986,48
MOONEY,2736.0,1324.0,1334,685.0,1987,60
MOONEY,2736.0,1324.0,1334,685.0,1988,42
MOONEY,2736.0,1324.0,1334,685.0,1989,32
MOONEY,2736.0,1324.0,1334,685.0,1990,45
MOONEY,2736.0,1324.0,1334,685.0,1991,28
MOONEY,2736.0,1324.0,1334,685.0,1992,33
MOONEY,2736.0,1324.0,1334,685.0,1993,35
MOONEY,2736.0,1324.0,1334,685.0,1994,36
MOONEY,2736.0,1324.0,1334,685.0,1995,31
MOONEY,2736.0,1324.0,1334,685.0,1996,29
MOONEY,2736.0,1324.0,1334,685.0,1997,34
MOONEY,2736.0,1324.0,1334,685.0,1998,36
MOONEY,2736.0,1324.0,1334,685.0,1999,37
MOONEY,2736.0,1324.0,1334,685.0,2000,44
MOONEY,2736.0,1324.0,1334,685.0,2001,31
MOONEY,2736.0,1324.0,1334,685.0,2002,34
MOONEY,2736.0,1324.0,1334,685.0,2003,42
MOONEY,2736.0,1324.0,1334,685.0,2004,37
MOONEY,2736.0,1324.0,1334,685.0,2005,24
MOONEY,2736.0,1324.0,1334,685.0,2006,33
MOONEY,2736.0,1324.0,1334,685.0,2007,34
MOONEY,2736.0,1324.0,1334,685.0,2008,26
MOONEY,2736.0,1324.0,1334,685.0,2009,19
MOONEY,2736.0,1324.0,1334,685.0,2010,18
MOONEY,2736.0,1324.0,1334,685.0,2011,19
MOONEY,2736.0,1324.0,1334,685.0,2012,28
MOONEY,2736.0,1324.0,1334,685.0,2013,20
MOONEY,2736.0,1324.0,1334,685.0,2014,13
MOONEY,2736.0,1324.0,1334,685.0,2015,18
MOONEY,2736.0,1324.0,1334,685.0,2016,17
MOONEY,2736.0,1324.0,1334,685.0,2017,20
MOONEY,2736.0,1324.0,1334,685.0,2018,19
MOONEY,2736.0,1324.0,1334,685.0,2019,20
MOONEY,2736.0,1324.0,1334,685.0,2020,18
MOONEY,2736.0,1324.0,1334,685.0,2021,24
MOONEY,2736.0,1324.0,1334,685.0,2022,22
NORTH AMERICAN,760.0,313.0,383,191.0,1982,13
NORTH AMERICAN,760.0,313.0,383,191.0,1983,11
NORTH AMERICAN,760.0,313.0,383,191.0,1984,10
NORTH AMERICAN,760.0,313.0,383,191.0,1985,19
NORTH AMERICAN,760.0,313.0,383,191.0,1986,8
NORTH AMERICAN,760.0,313.0,383,191.0,1987,23
NORTH AMERICAN,760.0,313.0,383,191.0,1988,9
NORTH AMERICAN,760.0,313.0,383,191.0,1989,15
NORTH AMERICAN,760.0,313.0,383,191.0,1990,14
NORTH AMERICAN,760.0,313.0,383,191.0,1991,11
NORTH AMERICAN,760.0,313.0,383,191.0,1992,7
NORTH AMERICAN,760.0,313.0,383,191.0,1993,8
NORTH AMERICAN,760.0,313.0,383,191.0,1994,11
NORTH AMERICAN,760.0,313.0,383,191.0,1995,13
NORTH AMERICAN,760.0,313.0,383,191.0,1996,6
NORTH AMERICAN,760.0,313.0,383,191.0,1997,11
NORTH AMERICAN,760.0,313.0,383,191.0,1998,9
NORTH AMERICAN,760.0,313.0,383,191.0,1999,11
NORTH AMERICAN,760.0,313.0,383,191.0,2000,9
NORTH AMERICAN,760.0,313.0,383,191.0,2001,7
NORTH AMERICAN,760.0,313.0,383,191.0,2002,8
NORTH AMERICAN,760.0,313.0,383,191.0,2003,9
NORTH AMERICAN,760.0,313.0,383,191.0,2004,8
NORTH AMERICAN,760.0,313.0,383,191.0,2005,15
NORTH AMERICAN,760.0,313.0,383,191.0,2006,6
NORTH AMERICAN,760.0,313.0,383,191.0,2007,13
NORTH AMERICAN,760.0,313.0,383,191.0,2008,8
NORTH AMERICAN,760.0,313.0,383,191.0,2009,7
NORTH AMERICAN,760.0,313.0,383,191.0,2010,8
NORTH AMERICAN,760.0,313.0,383,191.0,2011,7
NORTH AMERICAN,760.0,313.0,383,191.0,2012,4
NORTH AMERICAN,760.0,313.0,383,191.0,2013,1
NORTH AMERICAN,760.0,313.0,383,191.0,2014,8
NORTH AMERICAN,760.0,313.0,383,191.0,2015,2
NORTH AMERICAN,760.0,313.0,383,191.0,2016,17
NORTH AMERICAN,760.0,313.0,383,191.0,2017,7
NORTH AMERICAN,760.0,313.0,383,191.0,2018,8
NORTH AMERICAN,760.0,313.0,383,191.0,2019,7
NORTH AMERICAN,760.0,313.0,383,191.0,2020,4
NORTH AMERICAN,760.0,313.0,383,191.0,2021,6
NORTH AMERICAN,760.0,313.0,383,191.0,2022,5
PIPER,32190.0,13504.0,14869,6688.0,1962,1
PIPER,32190.0,13504.0,14869,6688.0,1982,727
PIPER,32190.0,13504.0,14869,6688.0,1983,685
PIPER,32190.0,13504.0,14869,6688.0,1984,672
PIPER,32190.0,13504.0,14869,6688.0,1985,634
PIPER,32190.0,13504.0,14869,6688.0,1986,568
PIPER,32190.0,13504.0,14869,6688.0,1987,552
PIPER,32190.0,13504.0,14869,6688.0,1988,525
PIPER,32190.0,13504.0,14869,6688.0,1989,491
PIPER,32190.0,13504.0,14869,6688.0,1990,458
PIPER,32190.0,13504.0,14869,6688.0,1991,474
PIPER,32190.0,13504.0,14869,6688.0,1992,448
PIPER,32190.0,13504.0,14869,6688.0,1993,409
PIPER,32190.0,13504.0,14869,6688.0,1994,440
PIPER,32190.0,13504.0,14869,6688.0,1995,402
PIPER,32190.0,13504.0,14869,6688.0,1996,371
PIPER,32190.0,13504.0,14869,6688.0,1997,381
PIPER,32190.0,13504.0,14869,6688.0,1998,367
PIPER,32190.0,13504.0,14869,6688.0,1999,349
PIPER,32190.0,13504.0,14869,6688.0,2000,351
PIPER,32190.0,13504.0,14869,6688.0,2001,320
PIPER,32190.0,13504.0,14869,6688.0,2002,332
PIPER,32190.0,13504.0,14869,6688.0,2003,296
PIPER,32190.0,13504.0,14869,6688.0,2004,311
PIPER,32190.0,13504.0,14869,6688.0,2005,298
PIPER,32190.0,13504.0,14869,6688.0,2006,284
PIPER,32190.0,13504.0,14869,6688.0,2007,279
PIPER,32190.0,13504.0,14869,6688.0,2008,272
PIPER,32190.0,13504.0,14869,6688.0,2009,230
PIPER,32190.0,13504.0,14869,6688.0,2010,255
PIPER,32190.0,13504.0,14869,6688.0,2011,251
PIPER,32190.0,13504.0,14869,6688.0,2012,262
PIPER,32190.0,13504.0,14869,6688.0,2013,214
PIPER,32190.0,13504.0,14869,6688.0,2014,214
PIPER,32190.0,13504.0,14869,6688.0,2015,208
PIPER,32190.0,13504.0,14869,6688.0,2016,202
PIPER,32190.0,13504.0,14869,6688.0,2017,197
PIPER,32190.0,13504.0,14869,6688.0,2018,231
PIPER,32190.0,13504.0,14869,6688.0,2019,255
PIPER,32190.0,13504.0,14869,6688.0,2020,216
PIPER,32190.0,13504.0,14869,6688.0,2021,214
PIPER,32190.0,13504.0,14869,6688.0,2022,223
ROBINSON,2436.0,1157.0,1229,618.0,1982,23
ROBINSON,2436.0,1157.0,1229,618.0,1983,19
ROBINSON,2436.0,1157.0,1229,618.0,1984,14
ROBINSON,2436.0,1157.0,1229,618.0,1985,17
ROBINSON,2436.0,1157.0,1229,618.0,1986,20
ROBINSON,2436.0,1157.0,1229,618.0,1987,18
ROBINSON,2436.0,1157.0,1229,618.0,1988,15
ROBINSON,2436.0,1157.0,1229,618.0,1989,18
ROBINSON,2436.0,1157.0,1229,618.0,1990,36
ROBINSON,2436.0,1157.0,1229,618.0,1991,39
ROBINSON,2436.0,1157.0,1229,618.0,1992,34
ROBINSON,2436.0,1157.0,1229,618.0,1993,33
ROBINSON,2436.0,1157.0,1229,618.0,1994,28
ROBINSON,2436.0,1157.0,1229,618.0,1995,21
ROBINSON,2436.0,1157.0,1229,618.0,1996,14
ROBINSON,2436.0,1157.0,1229,618.0,1997,13
ROBINSON,2436.0,1157.0,1229,618.0,1998,25
ROBINSON,2436.0,1157.0,1229,618.0,1999,35
ROBINSON,2436.0,1157.0,1229,618.0,2000,38
ROBINSON,2436.0,1157.0,1229,618.0,2001,32
ROBINSON,2436.0,1157.0,1229,618.0,2002,46
ROBINSON,2436.0,1157.0,1229,618.0,2003,50
ROBINSON,2436.0,1157.0,1229,618.0,2004,62
ROBINSON,2436.0,1157.0,1229,618.0,2005,52
ROBINSON,2436.0,1157.0,1229,618.0,2006,53
ROBINSON,2436.0,1157.0,1229,618.0,2007,63
ROBINSON,2436.0,1157.0,1229,618.0,2008,37
ROBINSON,2436.0,1157.0,1229,618.0,2009,20
ROBINSON,2436.0,1157.0,1229,618.0,2010,17
ROBINSON,2436.0,1157.0,1229,618.0,2011,24
ROBINSON,2436.0,1157.0,1229,618.0,2012,14
ROBINSON,2436.0,1157.0,1229,618.0,2013,24
ROBINSON,2436.0,1157.0,1229,618.0,2014,12
ROBINSON,2436.0,1157.0,1229,618.0,2015,21
ROBINSON,2436.0,1157.0,1229,618.0,2016,27
ROBINSON,2436.0,1157.0,1229,618.0,2017,19
ROBINSON,2436.0,1157.0,1229,618.0,2018,36
ROBINSON,2436.0,1157.0,1229,618.0,2019,62
ROBINSON,2436.0,1157.0,1229,618.0,2020,42
ROBINSON,2436.0,1157.0,1229,618.0,2021,32
ROBINSON,2436.0,1157.0,1229,618.0,2022,24
ROCKWELL,689.0,310.0,355,198.0,1977,1
ROCKWELL,689.0,310.0,355,198.0,1982,15
ROCKWELL,689.0,310.0,355,198.0,1983,23
ROCKWELL,689.0,310.0,355,198.0,1984,31
ROCKWELL,689.0,310.0,355,198.0,1985,17
ROCKWELL,689.0,310.0,355,198.0,1986,14
ROCKWELL,689.0,310.0,355,198.0,1987,19
ROCKWELL,689.0,310.0,355,198.0,1988,21
ROCKWELL,689.0,310.0,355,198.0,1989,9
ROCKWELL,689.0,310.0,355,198.0,1990,17
ROCKWELL,689.0,310.0,355,198.0,1991,13
ROCKWELL,689.0,310.0,355,198.0,1992,12
ROCKWELL,689.0,310.0,355,198.0,1993,10
ROCKWELL,689.0,310.0,355,198.0,1994,16
ROCKWELL,689.0,310.0,355,198.0,1995,11
ROCKWELL,689.0,310.0,355,198.0,1996,14
ROCKWELL,689.0,310.0,355,198.0,1997,8
ROCKWELL,689.0,310.0,355,198.0,1998,15
ROCKWELL,689.0,310.0,355,198.0,1999,10
ROCKWELL,689.0,310.0,355,198.0,2000,7
ROCKWELL,689.0,310.0,355,198.0,2001,6
ROCKWELL,689.0,310.0,355,198.0,2002,5
ROCKWELL,689.0,310.0,355,198.0,2003,4
ROCKWELL,689.0,310.0,355,198.0,2004,8
ROCKWELL,689.0,310.0,355,198.0,2005,5
ROCKWELL,689.0,310.0,355,198.0,2006,5
ROCKWELL,689.0,310.0,355,198.0,2007,1
ROCKWELL,689.0,310.0,355,198.0,2008,4
ROCKWELL,689.0,310.0,355,198.0,2009,1
ROCKWELL,689.0,310.0,355,198.0,2011,2
ROCKWELL,689.0,310.0,355,198.0,2012,2
ROCKWELL,689.0,310.0,355,198.0,2013,3
ROCKWELL,689.0,310.0,355,198.0,2014,1
ROCKWELL,689.0,310.0,355,198.0,2015,1
ROCKWELL,689.0,310.0,355,198.0,2016,3
ROCKWELL,689.0,310.0,355,198.0,2018,2
ROCKWELL,689.0,310.0,355,198.0,2019,7
ROCKWELL,689.0,310.0,355,198.0,2020,7
ROCKWELL,689.0,310.0,355,198.0,2021,4
ROCKWELL,689.0,310.0,355,198.0,2022,1
SAAB-SCANIA AB (SAAB),838.0,42.0,44,24.0,1988,1
SAAB-SCANIA AB (SAAB),838.0,42.0,44,24.0,1990,1
SAAB-SCANIA AB (SAAB),838.0,42.0,44,24.0,1992,1
SAAB-SCANIA AB (SAAB),838.0,42.0,44,24.0,1993,1
SAAB-SCANIA AB (SAAB),838.0,42.0,44,24.0,1994,3
SAAB-SCANIA AB (SAAB),838.0,42.0,44,24.0,1995,3
SAAB-SCANIA AB (SAAB),838.0,42.0,44,24.0,1996,3
SAAB-SCANIA AB (SAAB),838.0,42.0,44,24.0,1997,3
SAAB-SCANIA AB (SAAB),838.0,42.0,44,24.0,1998,7
SAAB-SCANIA AB (SAAB),838.0,42.0,44,24.0,1999,3
SAAB-SCANIA AB (SAAB),838.0,42.0,44,24.0,2000,3
SAAB-SCANIA AB (SAAB),838.0,42.0,44,24.0,2001,2
SAAB-SCANIA AB (SAAB),838.0,42.0,44,24.0,2002,4
SAAB-SCANIA AB (SAAB),838.0,42.0,44,24.0,2003,1
SAAB-SCANIA AB (SAAB),838.0,42.0,44,24.0,2004,4
SAAB-SCANIA AB (SAAB),838.0,42.0,44,24.0,2005,1
SAAB-SCANIA AB (SAAB),838.0,42.0,44,24.0,2006,2
SAAB-SCANIA AB (SAAB),838.0,42.0,44,24.0,2008,1
SCHWEIZER,1141.0,409.0,773,89.0,1982,17
SCHWEIZER,1141.0,409.0,773,89.0,1983,31
SCHWEIZER,1141.0,409.0,773,89.0,1984,27
SCHWEIZER,1141.0,409.0,773,89.0,1985,26
SCHWEIZER,1141.0,409.0,773,89.0,1986,32
SCHWEIZER,1141.0,409.0,773,89.0,1987,20
SCHWEIZER,1141.0,409.0,773,89.0,1988,23
SCHWEIZER,1141.0,409.0,773,89.0,1989,29
SCHWEIZER,1141.0,409.0,773,89.0,1990,24
SCHWEIZER,1141.0,409.0,773,89.0,1991,25
SCHWEIZER,1141.0,409.0,773,89.0,1992,29
SCHWEIZER,1141.0,409.0,773,89.0,1993,20
SCHWEIZER,1141.0,409.0,773,89.0,1994,32
SCHWEIZER,1141.0,409.0,773,89.0,1995,28
SCHWEIZER,1141.0,409.0,773,89.0,1996,21
SCHWEIZER,1141.0,409.0,773,89.0,1997,21
SCHWEIZER,1141.0,409.0,773,89.0,1998,19
SCHWEIZER,1141.0,409.0,773,89.0,1999,13
SCHWEIZER,1141.0,409.0,773,89.0,2000,26
SCHWEIZER,1141.0,409.0,773,89.0,2001,18
SCHWEIZER,1141.0,409.0,773,89.0,2002,28
SCHWEIZER,1141.0,409.0,773,89.0,2003,11
SCHWEIZER,1141.0,409.0,773,89.0,2004,19
SCHWEIZER,1141.0,409.0,773,89.0,2005,20
SCHWEIZER,1141.0,409.0,773,89.0,2006,15
SCHWEIZER,1141.0,409.0,773,89.0,2007,26
SCHWEIZER,1141.0,409.0,773,89.0,2008,21
SCHWEIZER,1141.0,409.0,773,89.0,2009,17
SCHWEIZER,1141.0,409.0,773,89.0,2010,24
SCHWEIZER,1141.0,409.0,773,89.0,2011,13
SCHWEIZER,1141.0,409.0,773,89.0,2012,13
SCHWEIZER,1141.0,409.0,773,89.0,2013,13
SCHWEIZER,1141.0,409.0,773,89.0,2014,12
SCHWEIZER,1141.0,409.0,773,89.0,2015,10
SCHWEIZER,1141.0,409.0,773,89.0,2016,4
SCHWEIZER,1141.0,409.0,773,89.0,2017,8
SCHWEIZER,1141.0,409.0,773,89.0,2018,12
SCHWEIZER,1141.0,409.0,773,89.0,2019,3
SCHWEIZER,1141.0,409.0,773,89.0,2020,6
SCHWEIZER,1141.0,409.0,773,89.0,2021,8
SCHWEIZER,1141.0,409.0,773,89.0,2022,9
SHORT BROTHERS,765.0,26.0,35,13.0,1983,1
SHORT BROTHERS,765.0,26.0,35,13.0,1984,2
SHORT BROTHERS,765.0,26.0,35,13.0,1986,2
SHORT BROTHERS,765.0,26.0,35,13.0,1987,1
SHORT BROTHERS,765.0,26.0,35,13.0,1988,2
SHORT BROTHERS,765.0,26.0,35,13.0,1989,2
SHORT BROTHERS,765.0,26.0,35,13.0,1990,3
SHORT BROTHERS,765.0,26.0,35,13.0,1991,2
SHORT BROTHERS,765.0,26.0,35,13.0,1992,2
SHORT BROTHERS,765.0,26.0,35,13.0,1993,2
SHORT BROTHERS,765.0,26.0,35,13.0,1995,4
SHORT BROTHERS,765.0,26.0,35,13.0,1996,3
SHORT BROTHERS,765.0,26.0,35,13.0,1997,3
SHORT BROTHERS,765.0,26.0,35,13.0,2000,1
SHORT BROTHERS,765.0,26.0,35,13.0,2003,2
SHORT BROTHERS,765.0,26.0,35,13.0,2004,1
SHORT BROTHERS,765.0,26.0,35,13.0,2006,2
SIKORSKY,925.0,417.0,233,193.0,1982,7
SIKORSKY,925.0,417.0,233,193.0,1983,8
SIKORSKY,925.0,417.0,233,193.0,1984,11
SIKORSKY,925.0,417.0,233,193.0,1985,6
SIKORSKY,925.0,417.0,233,193.0,1986,9
SIKORSKY,925.0,417.0,233,193.0,1987,4
SIKORSKY,925.0,417.0,233,193.0,1988,9
SIKORSKY,925.0,417.0,233,193.0,1989,8
SIKORSKY,925.0,417.0,233,193.0,1990,4
SIKORSKY,925.0,417.0,233,193.0,1991,7
SIKORSKY,925.0,417.0,233,193.0,1992,6
SIKORSKY,925.0,417.0,233,193.0,1993,4
SIKORSKY,925.0,417.0,233,193.0,1994,7
SIKORSKY,925.0,417.0,233,193.0,1995,2
SIKORSKY,925.0,417.0,233,193.0,1996,2
SIKORSKY,925.0,417.0,233,193.0,1997,3
SIKORSKY,925.0,417.0,233,193.0,1998,1
SIKORSKY,925.0,417.0,233,193.0,1999,3
SIKORSKY,925.0,417.0,233,193.0,2000,7
SIKORSKY,925.0,417.0,233,193.0,2001,5
SIKORSKY,925.0,417.0,233,193.0,2002,8
SIKORSKY,925.0,417.0,233,193.0,2003,7
SIKORSKY,925.0,417.0,233,193.0,2004,4
SIKORSKY,925.0,417.0,233,193.0,2005,8
SIKORSKY,925.0,417.0,233,193.0,2006,4
SIKORSKY,925.0,417.0,233,193.0,2007,2
SIKORSKY,925.0,417.0,233,193.0,2008,9
SIKORSKY,925.0,417.0,233,193.0,2009,5
SIKORSKY,925.0,417.0,233,193.0,2010,1
SIKORSKY,925.0,417.0,233,193.0,2011,7
SIKORSKY,925.0,417.0,233,193.0,2012,8
SIKORSKY,925.0,417.0,233,193.0,2013,9
SIKORSKY,925.0,417.0,233,193.0,2015,4
SIKORSKY,925.0,417.0,233,193.0,2016,5
SIKORSKY,925.0,417.0,233,193.0,2017,6
SIKORSKY,925.0,417.0,233,193.0,2018,5
SIKORSKY,925.0,417.0,233,193.0,2019,10
SIKORSKY,925.0,417.0,233,193.0,2020,4
SIKORSKY,925.0,417.0,233,193.0,2021,5
SIKORSKY,925.0,417.0,233,193.0,2022,9
STINSON,826.0,293.0,439,71.0,1948,1
STINSON,826.0,293.0,439,71.0,1982,17
STINSON,826.0,293.0,439,71.0,1983,21
STINSON,826.0,293.0,439,71.0,1984,19
STINSON,826.0,293.0,439,71.0,1985,18
STINSON,826.0,293.0,439,71.0,1986,12
STINSON,826.0,293.0,439,71.0,1987,15
STINSON,826.0,293.0,439,71.0,1988,17
STINSON,826.0,293.0,439,71.0,1989,15
STINSON,826.0,293.0,439,71.0,1990,16
STINSON,826.0,293.0,439,71.0,1991,11
STINSON,826.0,293.0,439,71.0,1992,13
STINSON,826.0,293.0,439,71.0,1993,10
STINSON,826.0,293.0,439,71.0,1994,11
STINSON,826.0,293.0,439,71.0,1995,11
STINSON,826.0,293.0,439,71.0,1996,15
STINSON,826.0,293.0,439,71.0,1997,8
STINSON,826.0,293.0,439,71.0,1998,11
STINSON,826.0,293.0,439,71.0,1999,13
STINSON,826.0,293.0,439,71.0,2000,11
STINSON,826.0,293.0,439,71.0,2001,11
STINSON,826.0,293.0,439,71.0,2002,9
STINSON,826.0,293.0,439,71.0,2003,14
STINSON,826.0,293.0,439,71.0,2004,11
STINSON,826.0,293.0,439,71.0,2005,6
STINSON,826.0,293.0,439,71.0,2006,5
STINSON,826.0,293.0,439,71.0,2007,6
STINSON,826.0,293.0,439,71.0,2008,6
STINSON,826.0,293.0,439,71.0,2009,8
STINSON,826.0,293.0,439,71.0,2010,9
STINSON,826.0,293.0,439,71.0,2011,6
STINSON,826.0,293.0,439,71.0,2012,8
STINSON,826.0,293.0,439,71.0,2013,7
STINSON,826.0,293.0,439,71.0,2014,2
STINSON,826.0,293.0,439,71.0,2015,9
STINSON,826.0,293.0,439,71.0,2016,14
STINSON,826.0,293.0,439,71.0,2017,8
STINSON,826.0,293.0,439,71.0,2018,5
STINSON,826.0,293.0,439,71.0,2019,10
STINSON,826.0,293.0,439,71.0,2020,9
STINSON,826.0,293.0,439,71.0,2021,6
STINSON,826.0,293.0,439,71.0,2022,5
SWEARINGEN,1095.0,196.0,179,107.0,1982,18
SWEARINGEN,1095.0,196.0,179,107.0,1983,6
SWEARINGEN,1095.0,196.0,179,107.0,1984,13
SWEARINGEN,1095.0,196.0,179,107.0,1985,16
SWEARINGEN,1095.0,196.0,179,107.0,1986,8
SWEARINGEN,1095.0,196.0,179,107.0,1987,9
SWEARINGEN,1095.0,196.0,179,107.0,1988,8
SWEARINGEN,1095.0,196.0,179,107.0,1989,5
SWEARINGEN,1095.0,196.0,179,107.0,1990,5
SWEARINGEN,1095.0,196.0,179,107.0,1991,3
SWEARINGEN,1095.0,196.0,179,107.0,1992,2
SWEARINGEN,1095.0,196.0,179,107.0,1993,4
SWEARINGEN,1095.0,196.0,179,107.0,1994,3
SWEARINGEN,1095.0,196.0,179,107.0,1995,4
SWEARINGEN,1095.0,196.0,179,107.0,1996,3
SWEARINGEN,1095.0,196.0,179,107.0,1997,3
SWEARINGEN,1095.0,196.0,179,107.0,1998,2
SWEARINGEN,1095.0,196.0,179,107.0,1999,3
SWEARINGEN,1095.0,196.0,179,107.0,2000,5
SWEARINGEN,1095.0,196.0,179,107.0,2001,3
SWEARINGEN,1095.0,196.0,179,107.0,2002,3
SWEARINGEN,1095.0,196.0,179,107.0,2003,7
SWEARINGEN,1095.0,196.0,179,107.0,2004,5
SWEARINGEN,1095.0,196.0,179,107.0,2005,3
SWEARINGEN,1095.0,196.0,179,107.0,2006,3
SWEARINGEN,1095.0,196.0,179,107.0,2007,3
SWEARINGEN,1095.0,196.0,179,107.0,2008,1
SWEARINGEN,1095.0,196.0,179,107.0,2010,3
SWEARINGEN,1095.0,196.0,179,107.0,2011,1
SWEARINGEN,1095.0,196.0,179,107.0,2012,3
SWEARINGEN,1095.0,196.0,179,107.0,2013,3
SWEARINGEN,1095.0,196.0,179,107.0,2014,1
SWEARINGEN,1095.0,196.0,179,107.0,2015,2
SWEARINGEN,1095.0,196.0,179,107.0,2016,4
SWEARINGEN,1095.0,196.0,179,107.0,2017,4
SWEARINGEN,1095.0,196.0,179,107.0,2018,3
SWEARINGEN,1095.0,196.0,179,107.0,2019,1
SWEARINGEN,1095.0,196.0,179,107.0,2020,1
SWEARINGEN,1095.0,196.0,179,107.0,2021,2
SWEARINGEN,1095.0,196.0,179,107.0,2022,3
TAYLORCRAFT,626.0,295.0,383,78.0,1982,17
TAYLORCRAFT,626.0,295.0,383,78.0,1983,16
TAYLORCRAFT,626.0,295.0,383,78.0,1984,14
TAYLORCRAFT,626.0,295.0,383,78.0,1985,15
TAYLORCRAFT,626.0,295.0,383,78.0,1986,21
TAYLORCRAFT,626.0,295.0,383,78.0,1987,16
TAYLORCRAFT,626.0,295.0,383,78.0,1988,19
TAYLORCRAFT,626.0,295.0,383,78.0,1989,10
TAYLORCRAFT,626.0,295.0,383,78.0,1990,13
TAYLORCRAFT,626.0,295.0,383,78.0,1991,14
TAYLORCRAFT,626.0,295.0,383,78.0,1992,12
TAYLORCRAFT,626.0,295.0,383,78.0,1993,17
TAYLORCRAFT,626.0,295.0,383,78.0,1994,9
TAYLORCRAFT,626.0,295.0,383,78.0,1995,7
TAYLORCRAFT,626.0,295.0,383,78.0,1996,8
TAYLORCRAFT,626.0,295.0,383,78.0,1997,8
TAYLORCRAFT,626.0,295.0,383,78.0,1998,13
TAYLORCRAFT,626.0,295.0,383,78.0,1999,14
TAYLORCRAFT,626.0,295.0,383,78.0,2000,10
TAYLORCRAFT,626.0,295.0,383,78.0,2001,10
TAYLORCRAFT,626.0,295.0,383,78.0,2002,9
TAYLORCRAFT,626.0,295.0,383,78.0,2003,5
TAYLORCRAFT,626.0,295.0,383,78.0,2004,6
TAYLORCRAFT,626.0,295.0,383,78.0,2005,14
TAYLORCRAFT,626.0,295.0,383,78.0,2006,8
TAYLORCRAFT,626.0,295.0,383,78.0,2007,5
TAYLORCRAFT,626.0,295.0,383,78.0,2008,2
TAYLORCRAFT,626.0,295.0,383,78.0,2009,13
TAYLORCRAFT,626.0,295.0,383,78.0,2010,4
TAYLORCRAFT,626.0,295.0,383,78.0,2011,8
TAYLORCRAFT,626.0,295.0,383,78.0,2012,4
TAYLORCRAFT,626.0,295.0,383,78.0,2013,6
TAYLORCRAFT,626.0,295.0,383,78.0,2014,6
TAYLORCRAFT,626.0,295.0,383,78.0,2015,5
TAYLORCRAFT,626.0,295.0,383,78.0,2016,3
TAYLORCRAFT,626.0,295.0,383,78.0,2017,1
TAYLORCRAFT,626.0,295.0,383,78.0,2018,6
TAYLORCRAFT,626.0,295.0,383,78.0,2019,5
TAYLORCRAFT,626.0,295.0,383,78.0,2020,1
TAYLORCRAFT,626.0,295.0,383,78.0,2021,3
TAYLORCRAFT,626.0,295.0,383,78.0,2022,6
TUPOLEV,511.0,509.0,4,509.0,1996,1
TUPOLEV,511.0,509.0,4,509.0,2002,1
TUPOLEV,511.0,509.0,4,509.0,2010,2
